DEBUG - 2026-01-12 07:34:20 --> Session: Class initialized using 'CodeIgniter\Session\Handlers\FileHandler' driver.
DEBUG - 2026-01-12 07:34:20 --> Session: Class initialized using 'CodeIgniter\Session\Handlers\FileHandler' driver.
DEBUG - 2026-01-12 07:34:33 --> Session: Class initialized using 'CodeIgniter\Session\Handlers\FileHandler' driver.
DEBUG - 2026-01-12 07:34:36 --> Session: Class initialized using 'CodeIgniter\Session\Handlers\FileHandler' driver.
ERROR - 2026-01-12 07:34:36 --> [Microsoft][ODBC Driver 17 for SQL Server][SQL Server]Invalid object name 'new_quality_patrol.dbo.departement'.
CRITICAL - 2026-01-12 07:34:36 --> CodeIgniter\Database\Exceptions\DatabaseException: [Microsoft][ODBC Driver 17 for SQL Server][SQL Server]Invalid object name 'new_quality_patrol.dbo.departement'.
[Method: GET, Route: summary]
in SYSTEMPATH\Database\BaseConnection.php on line 684.
 1 SYSTEMPATH\Database\SQLSRV\Builder.php(656): CodeIgniter\Database\BaseConnection->query()
 2 APPPATH\Models\Model_data_patrol.php(351): CodeIgniter\Database\SQLSRV\Builder->get()
 3 APPPATH\Controllers\Summary.php(70): App\Models\Model_data_patrol->totalTemuanByArea()
 4 SYSTEMPATH\CodeIgniter.php(933): App\Controllers\Summary->index()
 5 SYSTEMPATH\CodeIgniter.php(507): CodeIgniter\CodeIgniter->runController()
 6 SYSTEMPATH\CodeIgniter.php(354): CodeIgniter\CodeIgniter->handleRequest()
 7 SYSTEMPATH\Boot.php(363): CodeIgniter\CodeIgniter->run()
 8 SYSTEMPATH\Boot.php(68): CodeIgniter\Boot::runCodeIgniter()
 9 FCPATH\index.php(59): CodeIgniter\Boot::bootWeb()
10 SYSTEMPATH\rewrite.php(44): require_once('C:\\Program Files\\Ampps\\www\\new-quality-patrol\\public\\index.php')
CRITICAL - 2026-01-12 07:34:36 --> [Caused by] CodeIgniter\Database\Exceptions\DatabaseException: [Microsoft][ODBC Driver 17 for SQL Server][SQL Server]Invalid object name 'new_quality_patrol.dbo.departement'.
in SYSTEMPATH\Database\SQLSRV\Connection.php on line 505.
 1 SYSTEMPATH\Database\BaseConnection.php(729): CodeIgniter\Database\SQLSRV\Connection->execute()
 2 SYSTEMPATH\Database\BaseConnection.php(646): CodeIgniter\Database\BaseConnection->simpleQuery()
 3 SYSTEMPATH\Database\SQLSRV\Builder.php(656): CodeIgniter\Database\BaseConnection->query()
 4 APPPATH\Models\Model_data_patrol.php(351): CodeIgniter\Database\SQLSRV\Builder->get()
 5 APPPATH\Controllers\Summary.php(70): App\Models\Model_data_patrol->totalTemuanByArea()
 6 SYSTEMPATH\CodeIgniter.php(933): App\Controllers\Summary->index()
 7 SYSTEMPATH\CodeIgniter.php(507): CodeIgniter\CodeIgniter->runController()
 8 SYSTEMPATH\CodeIgniter.php(354): CodeIgniter\CodeIgniter->handleRequest()
 9 SYSTEMPATH\Boot.php(363): CodeIgniter\CodeIgniter->run()
10 SYSTEMPATH\Boot.php(68): CodeIgniter\Boot::runCodeIgniter()
11 FCPATH\index.php(59): CodeIgniter\Boot::bootWeb()
12 SYSTEMPATH\rewrite.php(44): require_once('C:\\Program Files\\Ampps\\www\\new-quality-patrol\\public\\index.php')
DEBUG - 2026-01-12 07:35:32 --> Session: Class initialized using 'CodeIgniter\Session\Handlers\FileHandler' driver.
ERROR - 2026-01-12 07:35:32 --> [Microsoft][ODBC Driver 17 for SQL Server][SQL Server]Invalid object name 'new_quality_patrol.dbo.departement'.
CRITICAL - 2026-01-12 07:35:32 --> CodeIgniter\Database\Exceptions\DatabaseException: [Microsoft][ODBC Driver 17 for SQL Server][SQL Server]Invalid object name 'new_quality_patrol.dbo.departement'.
[Method: GET, Route: summary]
in SYSTEMPATH\Database\BaseConnection.php on line 684.
 1 SYSTEMPATH\Database\SQLSRV\Builder.php(656): CodeIgniter\Database\BaseConnection->query()
 2 APPPATH\Models\Model_data_patrol.php(351): CodeIgniter\Database\SQLSRV\Builder->get()
 3 APPPATH\Controllers\Summary.php(70): App\Models\Model_data_patrol->totalTemuanByArea()
 4 SYSTEMPATH\CodeIgniter.php(933): App\Controllers\Summary->index()
 5 SYSTEMPATH\CodeIgniter.php(507): CodeIgniter\CodeIgniter->runController()
 6 SYSTEMPATH\CodeIgniter.php(354): CodeIgniter\CodeIgniter->handleRequest()
 7 SYSTEMPATH\Boot.php(363): CodeIgniter\CodeIgniter->run()
 8 SYSTEMPATH\Boot.php(68): CodeIgniter\Boot::runCodeIgniter()
 9 FCPATH\index.php(59): CodeIgniter\Boot::bootWeb()
10 SYSTEMPATH\rewrite.php(44): require_once('C:\\Program Files\\Ampps\\www\\new-quality-patrol\\public\\index.php')
CRITICAL - 2026-01-12 07:35:32 --> [Caused by] CodeIgniter\Database\Exceptions\DatabaseException: [Microsoft][ODBC Driver 17 for SQL Server][SQL Server]Invalid object name 'new_quality_patrol.dbo.departement'.
in SYSTEMPATH\Database\SQLSRV\Connection.php on line 505.
 1 SYSTEMPATH\Database\BaseConnection.php(729): CodeIgniter\Database\SQLSRV\Connection->execute()
 2 SYSTEMPATH\Database\BaseConnection.php(646): CodeIgniter\Database\BaseConnection->simpleQuery()
 3 SYSTEMPATH\Database\SQLSRV\Builder.php(656): CodeIgniter\Database\BaseConnection->query()
 4 APPPATH\Models\Model_data_patrol.php(351): CodeIgniter\Database\SQLSRV\Builder->get()
 5 APPPATH\Controllers\Summary.php(70): App\Models\Model_data_patrol->totalTemuanByArea()
 6 SYSTEMPATH\CodeIgniter.php(933): App\Controllers\Summary->index()
 7 SYSTEMPATH\CodeIgniter.php(507): CodeIgniter\CodeIgniter->runController()
 8 SYSTEMPATH\CodeIgniter.php(354): CodeIgniter\CodeIgniter->handleRequest()
 9 SYSTEMPATH\Boot.php(363): CodeIgniter\CodeIgniter->run()
10 SYSTEMPATH\Boot.php(68): CodeIgniter\Boot::runCodeIgniter()
11 FCPATH\index.php(59): CodeIgniter\Boot::bootWeb()
12 SYSTEMPATH\rewrite.php(44): require_once('C:\\Program Files\\Ampps\\www\\new-quality-patrol\\public\\index.php')
DEBUG - 2026-01-12 07:41:40 --> Session: Class initialized using 'CodeIgniter\Session\Handlers\FileHandler' driver.
ERROR - 2026-01-12 07:42:36 --> [Microsoft][ODBC Driver 17 for SQL Server][SQL Server]Invalid object name 'new_quality_patrol.dbo.departement'.
CRITICAL - 2026-01-12 07:42:36 --> CodeIgniter\Database\Exceptions\DatabaseException: [Microsoft][ODBC Driver 17 for SQL Server][SQL Server]Invalid object name 'new_quality_patrol.dbo.departement'.
[Method: POST, Route: sendData]
in SYSTEMPATH\Database\BaseConnection.php on line 684.
 1 SYSTEMPATH\Database\SQLSRV\Builder.php(656): CodeIgniter\Database\BaseConnection->query()
 2 APPPATH\Models\Model_data_patrol.php(266): CodeIgniter\Database\SQLSRV\Builder->get()
 3 APPPATH\Controllers\CrudController.php(725): App\Models\Model_data_patrol->filterRangeDate()
 4 SYSTEMPATH\CodeIgniter.php(933): App\Controllers\CrudController->sendData()
 5 SYSTEMPATH\CodeIgniter.php(507): CodeIgniter\CodeIgniter->runController()
 6 SYSTEMPATH\CodeIgniter.php(354): CodeIgniter\CodeIgniter->handleRequest()
 7 SYSTEMPATH\Boot.php(363): CodeIgniter\CodeIgniter->run()
 8 SYSTEMPATH\Boot.php(68): CodeIgniter\Boot::runCodeIgniter()
 9 FCPATH\index.php(59): CodeIgniter\Boot::bootWeb()
10 SYSTEMPATH\rewrite.php(44): require_once('C:\\Program Files\\Ampps\\www\\new-quality-patrol\\public\\index.php')
CRITICAL - 2026-01-12 07:42:36 --> [Caused by] CodeIgniter\Database\Exceptions\DatabaseException: [Microsoft][ODBC Driver 17 for SQL Server][SQL Server]Invalid object name 'new_quality_patrol.dbo.departement'.
in SYSTEMPATH\Database\SQLSRV\Connection.php on line 505.
 1 SYSTEMPATH\Database\BaseConnection.php(729): CodeIgniter\Database\SQLSRV\Connection->execute()
 2 SYSTEMPATH\Database\BaseConnection.php(646): CodeIgniter\Database\BaseConnection->simpleQuery()
 3 SYSTEMPATH\Database\SQLSRV\Builder.php(656): CodeIgniter\Database\BaseConnection->query()
 4 APPPATH\Models\Model_data_patrol.php(266): CodeIgniter\Database\SQLSRV\Builder->get()
 5 APPPATH\Controllers\CrudController.php(725): App\Models\Model_data_patrol->filterRangeDate()
 6 SYSTEMPATH\CodeIgniter.php(933): App\Controllers\CrudController->sendData()
 7 SYSTEMPATH\CodeIgniter.php(507): CodeIgniter\CodeIgniter->runController()
 8 SYSTEMPATH\CodeIgniter.php(354): CodeIgniter\CodeIgniter->handleRequest()
 9 SYSTEMPATH\Boot.php(363): CodeIgniter\CodeIgniter->run()
10 SYSTEMPATH\Boot.php(68): CodeIgniter\Boot::runCodeIgniter()
11 FCPATH\index.php(59): CodeIgniter\Boot::bootWeb()
12 SYSTEMPATH\rewrite.php(44): require_once('C:\\Program Files\\Ampps\\www\\new-quality-patrol\\public\\index.php')
DEBUG - 2026-01-12 07:43:17 --> Session: Class initialized using 'CodeIgniter\Session\Handlers\FileHandler' driver.
DEBUG - 2026-01-12 07:43:24 --> Session: Class initialized using 'CodeIgniter\Session\Handlers\FileHandler' driver.
DEBUG - 2026-01-12 07:43:32 --> Session: Class initialized using 'CodeIgniter\Session\Handlers\FileHandler' driver.
DEBUG - 2026-01-12 07:43:32 --> Session: Class initialized using 'CodeIgniter\Session\Handlers\FileHandler' driver.
DEBUG - 2026-01-12 07:43:36 --> Session: Class initialized using 'CodeIgniter\Session\Handlers\FileHandler' driver.
DEBUG - 2026-01-12 07:43:38 --> Session: Class initialized using 'CodeIgniter\Session\Handlers\FileHandler' driver.
DEBUG - 2026-01-12 07:43:41 --> Session: Class initialized using 'CodeIgniter\Session\Handlers\FileHandler' driver.
ERROR - 2026-01-12 07:46:13 --> [Microsoft][ODBC Driver 17 for SQL Server][SQL Server]Invalid object name 'new_quality_patrol.dbo.section'.
CRITICAL - 2026-01-12 07:46:13 --> CodeIgniter\Database\Exceptions\DatabaseException: [Microsoft][ODBC Driver 17 for SQL Server][SQL Server]Invalid object name 'new_quality_patrol.dbo.section'.
[Method: POST, Route: sendData]
in SYSTEMPATH\Database\BaseConnection.php on line 684.
 1 SYSTEMPATH\Database\SQLSRV\Builder.php(656): CodeIgniter\Database\BaseConnection->query()
 2 APPPATH\Models\Model_data_patrol.php(295): CodeIgniter\Database\SQLSRV\Builder->get()
 3 APPPATH\Controllers\CrudController.php(759): App\Models\Model_data_patrol->filterDept()
 4 SYSTEMPATH\CodeIgniter.php(933): App\Controllers\CrudController->sendData()
 5 SYSTEMPATH\CodeIgniter.php(507): CodeIgniter\CodeIgniter->runController()
 6 SYSTEMPATH\CodeIgniter.php(354): CodeIgniter\CodeIgniter->handleRequest()
 7 SYSTEMPATH\Boot.php(363): CodeIgniter\CodeIgniter->run()
 8 SYSTEMPATH\Boot.php(68): CodeIgniter\Boot::runCodeIgniter()
 9 FCPATH\index.php(59): CodeIgniter\Boot::bootWeb()
10 SYSTEMPATH\rewrite.php(44): require_once('C:\\Program Files\\Ampps\\www\\new-quality-patrol\\public\\index.php')
CRITICAL - 2026-01-12 07:46:13 --> [Caused by] CodeIgniter\Database\Exceptions\DatabaseException: [Microsoft][ODBC Driver 17 for SQL Server][SQL Server]Invalid object name 'new_quality_patrol.dbo.section'.
in SYSTEMPATH\Database\SQLSRV\Connection.php on line 505.
 1 SYSTEMPATH\Database\BaseConnection.php(729): CodeIgniter\Database\SQLSRV\Connection->execute()
 2 SYSTEMPATH\Database\BaseConnection.php(646): CodeIgniter\Database\BaseConnection->simpleQuery()
 3 SYSTEMPATH\Database\SQLSRV\Builder.php(656): CodeIgniter\Database\BaseConnection->query()
 4 APPPATH\Models\Model_data_patrol.php(295): CodeIgniter\Database\SQLSRV\Builder->get()
 5 APPPATH\Controllers\CrudController.php(759): App\Models\Model_data_patrol->filterDept()
 6 SYSTEMPATH\CodeIgniter.php(933): App\Controllers\CrudController->sendData()
 7 SYSTEMPATH\CodeIgniter.php(507): CodeIgniter\CodeIgniter->runController()
 8 SYSTEMPATH\CodeIgniter.php(354): CodeIgniter\CodeIgniter->handleRequest()
 9 SYSTEMPATH\Boot.php(363): CodeIgniter\CodeIgniter->run()
10 SYSTEMPATH\Boot.php(68): CodeIgniter\Boot::runCodeIgniter()
11 FCPATH\index.php(59): CodeIgniter\Boot::bootWeb()
12 SYSTEMPATH\rewrite.php(44): require_once('C:\\Program Files\\Ampps\\www\\new-quality-patrol\\public\\index.php')
DEBUG - 2026-01-12 07:49:12 --> Session: Class initialized using 'CodeIgniter\Session\Handlers\FileHandler' driver.
DEBUG - 2026-01-12 07:49:31 --> Session: Class initialized using 'CodeIgniter\Session\Handlers\FileHandler' driver.
DEBUG - 2026-01-12 07:49:35 --> Session: Class initialized using 'CodeIgniter\Session\Handlers\FileHandler' driver.
DEBUG - 2026-01-12 07:53:21 --> Session: Class initialized using 'CodeIgniter\Session\Handlers\FileHandler' driver.
DEBUG - 2026-01-12 07:53:24 --> Session: Class initialized using 'CodeIgniter\Session\Handlers\FileHandler' driver.
DEBUG - 2026-01-12 07:53:28 --> Session: Class initialized using 'CodeIgniter\Session\Handlers\FileHandler' driver.
DEBUG - 2026-01-12 07:53:34 --> Session: Class initialized using 'CodeIgniter\Session\Handlers\FileHandler' driver.
DEBUG - 2026-01-12 07:53:37 --> Session: Class initialized using 'CodeIgniter\Session\Handlers\FileHandler' driver.
DEBUG - 2026-01-12 07:53:54 --> Session: Class initialized using 'CodeIgniter\Session\Handlers\FileHandler' driver.
DEBUG - 2026-01-12 07:57:21 --> Session: Class initialized using 'CodeIgniter\Session\Handlers\FileHandler' driver.
DEBUG - 2026-01-12 07:57:28 --> Session: Class initialized using 'CodeIgniter\Session\Handlers\FileHandler' driver.
DEBUG - 2026-01-12 07:57:29 --> Session: Class initialized using 'CodeIgniter\Session\Handlers\FileHandler' driver.
DEBUG - 2026-01-12 07:57:32 --> Session: Class initialized using 'CodeIgniter\Session\Handlers\FileHandler' driver.
DEBUG - 2026-01-12 07:57:34 --> Session: Class initialized using 'CodeIgniter\Session\Handlers\FileHandler' driver.
DEBUG - 2026-01-12 07:57:39 --> Session: Class initialized using 'CodeIgniter\Session\Handlers\FileHandler' driver.
DEBUG - 2026-01-12 07:57:49 --> Session: Class initialized using 'CodeIgniter\Session\Handlers\FileHandler' driver.
DEBUG - 2026-01-12 07:58:26 --> Session: Class initialized using 'CodeIgniter\Session\Handlers\FileHandler' driver.
DEBUG - 2026-01-12 07:58:28 --> Session: Class initialized using 'CodeIgniter\Session\Handlers\FileHandler' driver.
DEBUG - 2026-01-12 07:58:36 --> Session: Class initialized using 'CodeIgniter\Session\Handlers\FileHandler' driver.
DEBUG - 2026-01-12 08:04:17 --> Session: Class initialized using 'CodeIgniter\Session\Handlers\FileHandler' driver.
DEBUG - 2026-01-12 08:04:18 --> Session: Class initialized using 'CodeIgniter\Session\Handlers\FileHandler' driver.
DEBUG - 2026-01-12 08:04:28 --> Session: Class initialized using 'CodeIgniter\Session\Handlers\FileHandler' driver.
DEBUG - 2026-01-12 08:04:29 --> Session: Class initialized using 'CodeIgniter\Session\Handlers\FileHandler' driver.
DEBUG - 2026-01-12 08:04:39 --> Session: Class initialized using 'CodeIgniter\Session\Handlers\FileHandler' driver.
DEBUG - 2026-01-12 08:04:49 --> Session: Class initialized using 'CodeIgniter\Session\Handlers\FileHandler' driver.
DEBUG - 2026-01-12 08:04:53 --> Session: Class initialized using 'CodeIgniter\Session\Handlers\FileHandler' driver.
DEBUG - 2026-01-12 08:05:23 --> Session: Class initialized using 'CodeIgniter\Session\Handlers\FileHandler' driver.
DEBUG - 2026-01-12 08:05:27 --> Session: Class initialized using 'CodeIgniter\Session\Handlers\FileHandler' driver.
DEBUG - 2026-01-12 08:05:34 --> Session: Class initialized using 'CodeIgniter\Session\Handlers\FileHandler' driver.
DEBUG - 2026-01-12 08:05:37 --> Session: Class initialized using 'CodeIgniter\Session\Handlers\FileHandler' driver.
DEBUG - 2026-01-12 08:05:40 --> Session: Class initialized using 'CodeIgniter\Session\Handlers\FileHandler' driver.
DEBUG - 2026-01-12 08:05:52 --> Session: Class initialized using 'CodeIgniter\Session\Handlers\FileHandler' driver.
DEBUG - 2026-01-12 08:06:20 --> Session: Class initialized using 'CodeIgniter\Session\Handlers\FileHandler' driver.
DEBUG - 2026-01-12 08:06:42 --> Session: Class initialized using 'CodeIgniter\Session\Handlers\FileHandler' driver.
DEBUG - 2026-01-12 08:07:10 --> Session: Class initialized using 'CodeIgniter\Session\Handlers\FileHandler' driver.
DEBUG - 2026-01-12 08:07:13 --> Session: Class initialized using 'CodeIgniter\Session\Handlers\FileHandler' driver.
DEBUG - 2026-01-12 08:07:15 --> Session: Class initialized using 'CodeIgniter\Session\Handlers\FileHandler' driver.
DEBUG - 2026-01-12 08:07:17 --> Session: Class initialized using 'CodeIgniter\Session\Handlers\FileHandler' driver.
DEBUG - 2026-01-12 08:07:32 --> Session: Class initialized using 'CodeIgniter\Session\Handlers\FileHandler' driver.
DEBUG - 2026-01-12 08:08:13 --> Session: Class initialized using 'CodeIgniter\Session\Handlers\FileHandler' driver.
DEBUG - 2026-01-12 08:08:15 --> Session: Class initialized using 'CodeIgniter\Session\Handlers\FileHandler' driver.
DEBUG - 2026-01-12 08:08:15 --> Session: Class initialized using 'CodeIgniter\Session\Handlers\FileHandler' driver.
DEBUG - 2026-01-12 08:08:17 --> Session: Class initialized using 'CodeIgniter\Session\Handlers\FileHandler' driver.
DEBUG - 2026-01-12 08:08:17 --> Session: Class initialized using 'CodeIgniter\Session\Handlers\FileHandler' driver.
DEBUG - 2026-01-12 08:08:18 --> Session: Class initialized using 'CodeIgniter\Session\Handlers\FileHandler' driver.
DEBUG - 2026-01-12 08:08:18 --> Session: Class initialized using 'CodeIgniter\Session\Handlers\FileHandler' driver.
DEBUG - 2026-01-12 08:08:21 --> Session: Class initialized using 'CodeIgniter\Session\Handlers\FileHandler' driver.
DEBUG - 2026-01-12 08:08:23 --> Session: Class initialized using 'CodeIgniter\Session\Handlers\FileHandler' driver.
WARNING - 2026-01-12 08:08:23 --> [DEPRECATED] Function strftime() is deprecated in APPPATH\Views\users\daftar_hadir.php on line 429.
 1 SYSTEMPATH\View\View.php(226): include('C:\\Program Files\\Ampps\\www\\new-quality-patrol\\app\\Views\\users\\daftar_hadir.php')
 2 SYSTEMPATH\View\View.php(229): CodeIgniter\View\View->CodeIgniter\View\{closure}()
 3 SYSTEMPATH\Common.php(1167): CodeIgniter\View\View->render('users/daftar_hadir', [], true)
 4 APPPATH\Controllers\Temuan_patrol.php(91): view('users/daftar_hadir', [...])
 5 SYSTEMPATH\CodeIgniter.php(933): App\Controllers\Temuan_patrol->daftar_hadir()
 6 SYSTEMPATH\CodeIgniter.php(507): CodeIgniter\CodeIgniter->runController(Object(App\Controllers\Temuan_patrol))
 7 SYSTEMPATH\CodeIgniter.php(354): CodeIgniter\CodeIgniter->handleRequest(null, Object(Config\Cache), false)
 8 SYSTEMPATH\Boot.php(363): CodeIgniter\CodeIgniter->run()
 9 SYSTEMPATH\Boot.php(68): CodeIgniter\Boot::runCodeIgniter(Object(CodeIgniter\CodeIgniter))
10 FCPATH\index.php(59): CodeIgniter\Boot::bootWeb(Object(Config\Paths))
11 SYSTEMPATH\rewrite.php(44): require_once('C:\\Program Files\\Ampps\\www\\new-quality-patrol\\public\\index.php')
WARNING - 2026-01-12 08:08:23 --> [DEPRECATED] Function strftime() is deprecated in APPPATH\Views\users\daftar_hadir.php on line 429.
 1 SYSTEMPATH\View\View.php(226): include('C:\\Program Files\\Ampps\\www\\new-quality-patrol\\app\\Views\\users\\daftar_hadir.php')
 2 SYSTEMPATH\View\View.php(229): CodeIgniter\View\View->CodeIgniter\View\{closure}()
 3 SYSTEMPATH\Common.php(1167): CodeIgniter\View\View->render('users/daftar_hadir', [], true)
 4 APPPATH\Controllers\Temuan_patrol.php(91): view('users/daftar_hadir', [...])
 5 SYSTEMPATH\CodeIgniter.php(933): App\Controllers\Temuan_patrol->daftar_hadir()
 6 SYSTEMPATH\CodeIgniter.php(507): CodeIgniter\CodeIgniter->runController(Object(App\Controllers\Temuan_patrol))
 7 SYSTEMPATH\CodeIgniter.php(354): CodeIgniter\CodeIgniter->handleRequest(null, Object(Config\Cache), false)
 8 SYSTEMPATH\Boot.php(363): CodeIgniter\CodeIgniter->run()
 9 SYSTEMPATH\Boot.php(68): CodeIgniter\Boot::runCodeIgniter(Object(CodeIgniter\CodeIgniter))
10 FCPATH\index.php(59): CodeIgniter\Boot::bootWeb(Object(Config\Paths))
11 SYSTEMPATH\rewrite.php(44): require_once('C:\\Program Files\\Ampps\\www\\new-quality-patrol\\public\\index.php')
WARNING - 2026-01-12 08:08:23 --> [DEPRECATED] Function strftime() is deprecated in APPPATH\Views\users\daftar_hadir.php on line 429.
 1 SYSTEMPATH\View\View.php(226): include('C:\\Program Files\\Ampps\\www\\new-quality-patrol\\app\\Views\\users\\daftar_hadir.php')
 2 SYSTEMPATH\View\View.php(229): CodeIgniter\View\View->CodeIgniter\View\{closure}()
 3 SYSTEMPATH\Common.php(1167): CodeIgniter\View\View->render('users/daftar_hadir', [], true)
 4 APPPATH\Controllers\Temuan_patrol.php(91): view('users/daftar_hadir', [...])
 5 SYSTEMPATH\CodeIgniter.php(933): App\Controllers\Temuan_patrol->daftar_hadir()
 6 SYSTEMPATH\CodeIgniter.php(507): CodeIgniter\CodeIgniter->runController(Object(App\Controllers\Temuan_patrol))
 7 SYSTEMPATH\CodeIgniter.php(354): CodeIgniter\CodeIgniter->handleRequest(null, Object(Config\Cache), false)
 8 SYSTEMPATH\Boot.php(363): CodeIgniter\CodeIgniter->run()
 9 SYSTEMPATH\Boot.php(68): CodeIgniter\Boot::runCodeIgniter(Object(CodeIgniter\CodeIgniter))
10 FCPATH\index.php(59): CodeIgniter\Boot::bootWeb(Object(Config\Paths))
11 SYSTEMPATH\rewrite.php(44): require_once('C:\\Program Files\\Ampps\\www\\new-quality-patrol\\public\\index.php')
WARNING - 2026-01-12 08:08:23 --> [DEPRECATED] Function strftime() is deprecated in APPPATH\Views\users\daftar_hadir.php on line 429.
 1 SYSTEMPATH\View\View.php(226): include('C:\\Program Files\\Ampps\\www\\new-quality-patrol\\app\\Views\\users\\daftar_hadir.php')
 2 SYSTEMPATH\View\View.php(229): CodeIgniter\View\View->CodeIgniter\View\{closure}()
 3 SYSTEMPATH\Common.php(1167): CodeIgniter\View\View->render('users/daftar_hadir', [], true)
 4 APPPATH\Controllers\Temuan_patrol.php(91): view('users/daftar_hadir', [...])
 5 SYSTEMPATH\CodeIgniter.php(933): App\Controllers\Temuan_patrol->daftar_hadir()
 6 SYSTEMPATH\CodeIgniter.php(507): CodeIgniter\CodeIgniter->runController(Object(App\Controllers\Temuan_patrol))
 7 SYSTEMPATH\CodeIgniter.php(354): CodeIgniter\CodeIgniter->handleRequest(null, Object(Config\Cache), false)
 8 SYSTEMPATH\Boot.php(363): CodeIgniter\CodeIgniter->run()
 9 SYSTEMPATH\Boot.php(68): CodeIgniter\Boot::runCodeIgniter(Object(CodeIgniter\CodeIgniter))
10 FCPATH\index.php(59): CodeIgniter\Boot::bootWeb(Object(Config\Paths))
11 SYSTEMPATH\rewrite.php(44): require_once('C:\\Program Files\\Ampps\\www\\new-quality-patrol\\public\\index.php')
WARNING - 2026-01-12 08:08:23 --> [DEPRECATED] Function strftime() is deprecated in APPPATH\Views\users\daftar_hadir.php on line 429.
 1 SYSTEMPATH\View\View.php(226): include('C:\\Program Files\\Ampps\\www\\new-quality-patrol\\app\\Views\\users\\daftar_hadir.php')
 2 SYSTEMPATH\View\View.php(229): CodeIgniter\View\View->CodeIgniter\View\{closure}()
 3 SYSTEMPATH\Common.php(1167): CodeIgniter\View\View->render('users/daftar_hadir', [], true)
 4 APPPATH\Controllers\Temuan_patrol.php(91): view('users/daftar_hadir', [...])
 5 SYSTEMPATH\CodeIgniter.php(933): App\Controllers\Temuan_patrol->daftar_hadir()
 6 SYSTEMPATH\CodeIgniter.php(507): CodeIgniter\CodeIgniter->runController(Object(App\Controllers\Temuan_patrol))
 7 SYSTEMPATH\CodeIgniter.php(354): CodeIgniter\CodeIgniter->handleRequest(null, Object(Config\Cache), false)
 8 SYSTEMPATH\Boot.php(363): CodeIgniter\CodeIgniter->run()
 9 SYSTEMPATH\Boot.php(68): CodeIgniter\Boot::runCodeIgniter(Object(CodeIgniter\CodeIgniter))
10 FCPATH\index.php(59): CodeIgniter\Boot::bootWeb(Object(Config\Paths))
11 SYSTEMPATH\rewrite.php(44): require_once('C:\\Program Files\\Ampps\\www\\new-quality-patrol\\public\\index.php')
WARNING - 2026-01-12 08:08:23 --> [DEPRECATED] Function strftime() is deprecated in APPPATH\Views\users\daftar_hadir.php on line 429.
 1 SYSTEMPATH\View\View.php(226): include('C:\\Program Files\\Ampps\\www\\new-quality-patrol\\app\\Views\\users\\daftar_hadir.php')
 2 SYSTEMPATH\View\View.php(229): CodeIgniter\View\View->CodeIgniter\View\{closure}()
 3 SYSTEMPATH\Common.php(1167): CodeIgniter\View\View->render('users/daftar_hadir', [], true)
 4 APPPATH\Controllers\Temuan_patrol.php(91): view('users/daftar_hadir', [...])
 5 SYSTEMPATH\CodeIgniter.php(933): App\Controllers\Temuan_patrol->daftar_hadir()
 6 SYSTEMPATH\CodeIgniter.php(507): CodeIgniter\CodeIgniter->runController(Object(App\Controllers\Temuan_patrol))
 7 SYSTEMPATH\CodeIgniter.php(354): CodeIgniter\CodeIgniter->handleRequest(null, Object(Config\Cache), false)
 8 SYSTEMPATH\Boot.php(363): CodeIgniter\CodeIgniter->run()
 9 SYSTEMPATH\Boot.php(68): CodeIgniter\Boot::runCodeIgniter(Object(CodeIgniter\CodeIgniter))
10 FCPATH\index.php(59): CodeIgniter\Boot::bootWeb(Object(Config\Paths))
11 SYSTEMPATH\rewrite.php(44): require_once('C:\\Program Files\\Ampps\\www\\new-quality-patrol\\public\\index.php')
DEBUG - 2026-01-12 08:08:48 --> Session: Class initialized using 'CodeIgniter\Session\Handlers\FileHandler' driver.
DEBUG - 2026-01-12 08:09:14 --> Session: Class initialized using 'CodeIgniter\Session\Handlers\FileHandler' driver.
DEBUG - 2026-01-12 08:09:18 --> Session: Class initialized using 'CodeIgniter\Session\Handlers\FileHandler' driver.
DEBUG - 2026-01-12 08:12:11 --> Session: Class initialized using 'CodeIgniter\Session\Handlers\FileHandler' driver.
WARNING - 2026-01-12 08:12:11 --> [DEPRECATED] Function strftime() is deprecated in APPPATH\Views\users\temuan_patrol.php on line 678.
 1 SYSTEMPATH\View\View.php(226): include('C:\\Program Files\\Ampps\\www\\new-quality-patrol\\app\\Views\\users\\temuan_patrol.php')
 2 SYSTEMPATH\View\View.php(229): CodeIgniter\View\View->CodeIgniter\View\{closure}()
 3 SYSTEMPATH\Common.php(1167): CodeIgniter\View\View->render('users/temuan_patrol', [], true)
 4 APPPATH\Controllers\Temuan_patrol.php(45): view('users/temuan_patrol', [...])
 5 SYSTEMPATH\CodeIgniter.php(933): App\Controllers\Temuan_patrol->index()
 6 SYSTEMPATH\CodeIgniter.php(507): CodeIgniter\CodeIgniter->runController(Object(App\Controllers\Temuan_patrol))
 7 SYSTEMPATH\CodeIgniter.php(354): CodeIgniter\CodeIgniter->handleRequest(null, Object(Config\Cache), false)
 8 SYSTEMPATH\Boot.php(363): CodeIgniter\CodeIgniter->run()
 9 SYSTEMPATH\Boot.php(68): CodeIgniter\Boot::runCodeIgniter(Object(CodeIgniter\CodeIgniter))
10 FCPATH\index.php(59): CodeIgniter\Boot::bootWeb(Object(Config\Paths))
11 SYSTEMPATH\rewrite.php(44): require_once('C:\\Program Files\\Ampps\\www\\new-quality-patrol\\public\\index.php')
WARNING - 2026-01-12 08:12:11 --> [DEPRECATED] Function strftime() is deprecated in APPPATH\Views\users\temuan_patrol.php on line 678.
 1 SYSTEMPATH\View\View.php(226): include('C:\\Program Files\\Ampps\\www\\new-quality-patrol\\app\\Views\\users\\temuan_patrol.php')
 2 SYSTEMPATH\View\View.php(229): CodeIgniter\View\View->CodeIgniter\View\{closure}()
 3 SYSTEMPATH\Common.php(1167): CodeIgniter\View\View->render('users/temuan_patrol', [], true)
 4 APPPATH\Controllers\Temuan_patrol.php(45): view('users/temuan_patrol', [...])
 5 SYSTEMPATH\CodeIgniter.php(933): App\Controllers\Temuan_patrol->index()
 6 SYSTEMPATH\CodeIgniter.php(507): CodeIgniter\CodeIgniter->runController(Object(App\Controllers\Temuan_patrol))
 7 SYSTEMPATH\CodeIgniter.php(354): CodeIgniter\CodeIgniter->handleRequest(null, Object(Config\Cache), false)
 8 SYSTEMPATH\Boot.php(363): CodeIgniter\CodeIgniter->run()
 9 SYSTEMPATH\Boot.php(68): CodeIgniter\Boot::runCodeIgniter(Object(CodeIgniter\CodeIgniter))
10 FCPATH\index.php(59): CodeIgniter\Boot::bootWeb(Object(Config\Paths))
11 SYSTEMPATH\rewrite.php(44): require_once('C:\\Program Files\\Ampps\\www\\new-quality-patrol\\public\\index.php')
WARNING - 2026-01-12 08:12:11 --> [DEPRECATED] Function strftime() is deprecated in APPPATH\Views\users\temuan_patrol.php on line 678.
 1 SYSTEMPATH\View\View.php(226): include('C:\\Program Files\\Ampps\\www\\new-quality-patrol\\app\\Views\\users\\temuan_patrol.php')
 2 SYSTEMPATH\View\View.php(229): CodeIgniter\View\View->CodeIgniter\View\{closure}()
 3 SYSTEMPATH\Common.php(1167): CodeIgniter\View\View->render('users/temuan_patrol', [], true)
 4 APPPATH\Controllers\Temuan_patrol.php(45): view('users/temuan_patrol', [...])
 5 SYSTEMPATH\CodeIgniter.php(933): App\Controllers\Temuan_patrol->index()
 6 SYSTEMPATH\CodeIgniter.php(507): CodeIgniter\CodeIgniter->runController(Object(App\Controllers\Temuan_patrol))
 7 SYSTEMPATH\CodeIgniter.php(354): CodeIgniter\CodeIgniter->handleRequest(null, Object(Config\Cache), false)
 8 SYSTEMPATH\Boot.php(363): CodeIgniter\CodeIgniter->run()
 9 SYSTEMPATH\Boot.php(68): CodeIgniter\Boot::runCodeIgniter(Object(CodeIgniter\CodeIgniter))
10 FCPATH\index.php(59): CodeIgniter\Boot::bootWeb(Object(Config\Paths))
11 SYSTEMPATH\rewrite.php(44): require_once('C:\\Program Files\\Ampps\\www\\new-quality-patrol\\public\\index.php')
WARNING - 2026-01-12 08:12:11 --> [DEPRECATED] Function strftime() is deprecated in APPPATH\Views\users\temuan_patrol.php on line 678.
 1 SYSTEMPATH\View\View.php(226): include('C:\\Program Files\\Ampps\\www\\new-quality-patrol\\app\\Views\\users\\temuan_patrol.php')
 2 SYSTEMPATH\View\View.php(229): CodeIgniter\View\View->CodeIgniter\View\{closure}()
 3 SYSTEMPATH\Common.php(1167): CodeIgniter\View\View->render('users/temuan_patrol', [], true)
 4 APPPATH\Controllers\Temuan_patrol.php(45): view('users/temuan_patrol', [...])
 5 SYSTEMPATH\CodeIgniter.php(933): App\Controllers\Temuan_patrol->index()
 6 SYSTEMPATH\CodeIgniter.php(507): CodeIgniter\CodeIgniter->runController(Object(App\Controllers\Temuan_patrol))
 7 SYSTEMPATH\CodeIgniter.php(354): CodeIgniter\CodeIgniter->handleRequest(null, Object(Config\Cache), false)
 8 SYSTEMPATH\Boot.php(363): CodeIgniter\CodeIgniter->run()
 9 SYSTEMPATH\Boot.php(68): CodeIgniter\Boot::runCodeIgniter(Object(CodeIgniter\CodeIgniter))
10 FCPATH\index.php(59): CodeIgniter\Boot::bootWeb(Object(Config\Paths))
11 SYSTEMPATH\rewrite.php(44): require_once('C:\\Program Files\\Ampps\\www\\new-quality-patrol\\public\\index.php')
DEBUG - 2026-01-12 08:12:33 --> Session: Class initialized using 'CodeIgniter\Session\Handlers\FileHandler' driver.
WARNING - 2026-01-12 08:12:33 --> [DEPRECATED] Function strftime() is deprecated in APPPATH\Views\users\temuan_patrol.php on line 678.
 1 SYSTEMPATH\View\View.php(226): include('C:\\Program Files\\Ampps\\www\\new-quality-patrol\\app\\Views\\users\\temuan_patrol.php')
 2 SYSTEMPATH\View\View.php(229): CodeIgniter\View\View->CodeIgniter\View\{closure}()
 3 SYSTEMPATH\Common.php(1167): CodeIgniter\View\View->render('users/temuan_patrol', [], true)
 4 APPPATH\Controllers\Temuan_patrol.php(45): view('users/temuan_patrol', [...])
 5 SYSTEMPATH\CodeIgniter.php(933): App\Controllers\Temuan_patrol->index()
 6 SYSTEMPATH\CodeIgniter.php(507): CodeIgniter\CodeIgniter->runController(Object(App\Controllers\Temuan_patrol))
 7 SYSTEMPATH\CodeIgniter.php(354): CodeIgniter\CodeIgniter->handleRequest(null, Object(Config\Cache), false)
 8 SYSTEMPATH\Boot.php(363): CodeIgniter\CodeIgniter->run()
 9 SYSTEMPATH\Boot.php(68): CodeIgniter\Boot::runCodeIgniter(Object(CodeIgniter\CodeIgniter))
10 FCPATH\index.php(59): CodeIgniter\Boot::bootWeb(Object(Config\Paths))
11 SYSTEMPATH\rewrite.php(44): require_once('C:\\Program Files\\Ampps\\www\\new-quality-patrol\\public\\index.php')
WARNING - 2026-01-12 08:12:33 --> [DEPRECATED] Function strftime() is deprecated in APPPATH\Views\users\temuan_patrol.php on line 678.
 1 SYSTEMPATH\View\View.php(226): include('C:\\Program Files\\Ampps\\www\\new-quality-patrol\\app\\Views\\users\\temuan_patrol.php')
 2 SYSTEMPATH\View\View.php(229): CodeIgniter\View\View->CodeIgniter\View\{closure}()
 3 SYSTEMPATH\Common.php(1167): CodeIgniter\View\View->render('users/temuan_patrol', [], true)
 4 APPPATH\Controllers\Temuan_patrol.php(45): view('users/temuan_patrol', [...])
 5 SYSTEMPATH\CodeIgniter.php(933): App\Controllers\Temuan_patrol->index()
 6 SYSTEMPATH\CodeIgniter.php(507): CodeIgniter\CodeIgniter->runController(Object(App\Controllers\Temuan_patrol))
 7 SYSTEMPATH\CodeIgniter.php(354): CodeIgniter\CodeIgniter->handleRequest(null, Object(Config\Cache), false)
 8 SYSTEMPATH\Boot.php(363): CodeIgniter\CodeIgniter->run()
 9 SYSTEMPATH\Boot.php(68): CodeIgniter\Boot::runCodeIgniter(Object(CodeIgniter\CodeIgniter))
10 FCPATH\index.php(59): CodeIgniter\Boot::bootWeb(Object(Config\Paths))
11 SYSTEMPATH\rewrite.php(44): require_once('C:\\Program Files\\Ampps\\www\\new-quality-patrol\\public\\index.php')
WARNING - 2026-01-12 08:12:33 --> [DEPRECATED] Function strftime() is deprecated in APPPATH\Views\users\temuan_patrol.php on line 678.
 1 SYSTEMPATH\View\View.php(226): include('C:\\Program Files\\Ampps\\www\\new-quality-patrol\\app\\Views\\users\\temuan_patrol.php')
 2 SYSTEMPATH\View\View.php(229): CodeIgniter\View\View->CodeIgniter\View\{closure}()
 3 SYSTEMPATH\Common.php(1167): CodeIgniter\View\View->render('users/temuan_patrol', [], true)
 4 APPPATH\Controllers\Temuan_patrol.php(45): view('users/temuan_patrol', [...])
 5 SYSTEMPATH\CodeIgniter.php(933): App\Controllers\Temuan_patrol->index()
 6 SYSTEMPATH\CodeIgniter.php(507): CodeIgniter\CodeIgniter->runController(Object(App\Controllers\Temuan_patrol))
 7 SYSTEMPATH\CodeIgniter.php(354): CodeIgniter\CodeIgniter->handleRequest(null, Object(Config\Cache), false)
 8 SYSTEMPATH\Boot.php(363): CodeIgniter\CodeIgniter->run()
 9 SYSTEMPATH\Boot.php(68): CodeIgniter\Boot::runCodeIgniter(Object(CodeIgniter\CodeIgniter))
10 FCPATH\index.php(59): CodeIgniter\Boot::bootWeb(Object(Config\Paths))
11 SYSTEMPATH\rewrite.php(44): require_once('C:\\Program Files\\Ampps\\www\\new-quality-patrol\\public\\index.php')
WARNING - 2026-01-12 08:12:33 --> [DEPRECATED] Function strftime() is deprecated in APPPATH\Views\users\temuan_patrol.php on line 678.
 1 SYSTEMPATH\View\View.php(226): include('C:\\Program Files\\Ampps\\www\\new-quality-patrol\\app\\Views\\users\\temuan_patrol.php')
 2 SYSTEMPATH\View\View.php(229): CodeIgniter\View\View->CodeIgniter\View\{closure}()
 3 SYSTEMPATH\Common.php(1167): CodeIgniter\View\View->render('users/temuan_patrol', [], true)
 4 APPPATH\Controllers\Temuan_patrol.php(45): view('users/temuan_patrol', [...])
 5 SYSTEMPATH\CodeIgniter.php(933): App\Controllers\Temuan_patrol->index()
 6 SYSTEMPATH\CodeIgniter.php(507): CodeIgniter\CodeIgniter->runController(Object(App\Controllers\Temuan_patrol))
 7 SYSTEMPATH\CodeIgniter.php(354): CodeIgniter\CodeIgniter->handleRequest(null, Object(Config\Cache), false)
 8 SYSTEMPATH\Boot.php(363): CodeIgniter\CodeIgniter->run()
 9 SYSTEMPATH\Boot.php(68): CodeIgniter\Boot::runCodeIgniter(Object(CodeIgniter\CodeIgniter))
10 FCPATH\index.php(59): CodeIgniter\Boot::bootWeb(Object(Config\Paths))
11 SYSTEMPATH\rewrite.php(44): require_once('C:\\Program Files\\Ampps\\www\\new-quality-patrol\\public\\index.php')
DEBUG - 2026-01-12 08:13:23 --> Session: Class initialized using 'CodeIgniter\Session\Handlers\FileHandler' driver.
DEBUG - 2026-01-12 08:13:29 --> Session: Class initialized using 'CodeIgniter\Session\Handlers\FileHandler' driver.
DEBUG - 2026-01-12 08:13:31 --> Session: Class initialized using 'CodeIgniter\Session\Handlers\FileHandler' driver.
DEBUG - 2026-01-12 08:13:32 --> Session: Class initialized using 'CodeIgniter\Session\Handlers\FileHandler' driver.
DEBUG - 2026-01-12 08:13:33 --> Session: Class initialized using 'CodeIgniter\Session\Handlers\FileHandler' driver.
DEBUG - 2026-01-12 08:15:16 --> Session: Class initialized using 'CodeIgniter\Session\Handlers\FileHandler' driver.
DEBUG - 2026-01-12 08:15:17 --> Session: Class initialized using 'CodeIgniter\Session\Handlers\FileHandler' driver.
WARNING - 2026-01-12 08:15:17 --> [DEPRECATED] Function strftime() is deprecated in APPPATH\Views\users\temuan_patrol.php on line 678.
 1 SYSTEMPATH\View\View.php(226): include('C:\\Program Files\\Ampps\\www\\new-quality-patrol\\app\\Views\\users\\temuan_patrol.php')
 2 SYSTEMPATH\View\View.php(229): CodeIgniter\View\View->CodeIgniter\View\{closure}()
 3 SYSTEMPATH\Common.php(1167): CodeIgniter\View\View->render('users/temuan_patrol', [], true)
 4 APPPATH\Controllers\Temuan_patrol.php(45): view('users/temuan_patrol', [...])
 5 SYSTEMPATH\CodeIgniter.php(933): App\Controllers\Temuan_patrol->index()
 6 SYSTEMPATH\CodeIgniter.php(507): CodeIgniter\CodeIgniter->runController(Object(App\Controllers\Temuan_patrol))
 7 SYSTEMPATH\CodeIgniter.php(354): CodeIgniter\CodeIgniter->handleRequest(null, Object(Config\Cache), false)
 8 SYSTEMPATH\Boot.php(363): CodeIgniter\CodeIgniter->run()
 9 SYSTEMPATH\Boot.php(68): CodeIgniter\Boot::runCodeIgniter(Object(CodeIgniter\CodeIgniter))
10 FCPATH\index.php(59): CodeIgniter\Boot::bootWeb(Object(Config\Paths))
11 SYSTEMPATH\rewrite.php(44): require_once('C:\\Program Files\\Ampps\\www\\new-quality-patrol\\public\\index.php')
WARNING - 2026-01-12 08:15:17 --> [DEPRECATED] Function strftime() is deprecated in APPPATH\Views\users\temuan_patrol.php on line 678.
 1 SYSTEMPATH\View\View.php(226): include('C:\\Program Files\\Ampps\\www\\new-quality-patrol\\app\\Views\\users\\temuan_patrol.php')
 2 SYSTEMPATH\View\View.php(229): CodeIgniter\View\View->CodeIgniter\View\{closure}()
 3 SYSTEMPATH\Common.php(1167): CodeIgniter\View\View->render('users/temuan_patrol', [], true)
 4 APPPATH\Controllers\Temuan_patrol.php(45): view('users/temuan_patrol', [...])
 5 SYSTEMPATH\CodeIgniter.php(933): App\Controllers\Temuan_patrol->index()
 6 SYSTEMPATH\CodeIgniter.php(507): CodeIgniter\CodeIgniter->runController(Object(App\Controllers\Temuan_patrol))
 7 SYSTEMPATH\CodeIgniter.php(354): CodeIgniter\CodeIgniter->handleRequest(null, Object(Config\Cache), false)
 8 SYSTEMPATH\Boot.php(363): CodeIgniter\CodeIgniter->run()
 9 SYSTEMPATH\Boot.php(68): CodeIgniter\Boot::runCodeIgniter(Object(CodeIgniter\CodeIgniter))
10 FCPATH\index.php(59): CodeIgniter\Boot::bootWeb(Object(Config\Paths))
11 SYSTEMPATH\rewrite.php(44): require_once('C:\\Program Files\\Ampps\\www\\new-quality-patrol\\public\\index.php')
WARNING - 2026-01-12 08:15:17 --> [DEPRECATED] Function strftime() is deprecated in APPPATH\Views\users\temuan_patrol.php on line 678.
 1 SYSTEMPATH\View\View.php(226): include('C:\\Program Files\\Ampps\\www\\new-quality-patrol\\app\\Views\\users\\temuan_patrol.php')
 2 SYSTEMPATH\View\View.php(229): CodeIgniter\View\View->CodeIgniter\View\{closure}()
 3 SYSTEMPATH\Common.php(1167): CodeIgniter\View\View->render('users/temuan_patrol', [], true)
 4 APPPATH\Controllers\Temuan_patrol.php(45): view('users/temuan_patrol', [...])
 5 SYSTEMPATH\CodeIgniter.php(933): App\Controllers\Temuan_patrol->index()
 6 SYSTEMPATH\CodeIgniter.php(507): CodeIgniter\CodeIgniter->runController(Object(App\Controllers\Temuan_patrol))
 7 SYSTEMPATH\CodeIgniter.php(354): CodeIgniter\CodeIgniter->handleRequest(null, Object(Config\Cache), false)
 8 SYSTEMPATH\Boot.php(363): CodeIgniter\CodeIgniter->run()
 9 SYSTEMPATH\Boot.php(68): CodeIgniter\Boot::runCodeIgniter(Object(CodeIgniter\CodeIgniter))
10 FCPATH\index.php(59): CodeIgniter\Boot::bootWeb(Object(Config\Paths))
11 SYSTEMPATH\rewrite.php(44): require_once('C:\\Program Files\\Ampps\\www\\new-quality-patrol\\public\\index.php')
WARNING - 2026-01-12 08:15:17 --> [DEPRECATED] Function strftime() is deprecated in APPPATH\Views\users\temuan_patrol.php on line 678.
 1 SYSTEMPATH\View\View.php(226): include('C:\\Program Files\\Ampps\\www\\new-quality-patrol\\app\\Views\\users\\temuan_patrol.php')
 2 SYSTEMPATH\View\View.php(229): CodeIgniter\View\View->CodeIgniter\View\{closure}()
 3 SYSTEMPATH\Common.php(1167): CodeIgniter\View\View->render('users/temuan_patrol', [], true)
 4 APPPATH\Controllers\Temuan_patrol.php(45): view('users/temuan_patrol', [...])
 5 SYSTEMPATH\CodeIgniter.php(933): App\Controllers\Temuan_patrol->index()
 6 SYSTEMPATH\CodeIgniter.php(507): CodeIgniter\CodeIgniter->runController(Object(App\Controllers\Temuan_patrol))
 7 SYSTEMPATH\CodeIgniter.php(354): CodeIgniter\CodeIgniter->handleRequest(null, Object(Config\Cache), false)
 8 SYSTEMPATH\Boot.php(363): CodeIgniter\CodeIgniter->run()
 9 SYSTEMPATH\Boot.php(68): CodeIgniter\Boot::runCodeIgniter(Object(CodeIgniter\CodeIgniter))
10 FCPATH\index.php(59): CodeIgniter\Boot::bootWeb(Object(Config\Paths))
11 SYSTEMPATH\rewrite.php(44): require_once('C:\\Program Files\\Ampps\\www\\new-quality-patrol\\public\\index.php')
DEBUG - 2026-01-12 08:15:29 --> Session: Class initialized using 'CodeIgniter\Session\Handlers\FileHandler' driver.
DEBUG - 2026-01-12 08:15:41 --> Session: Class initialized using 'CodeIgniter\Session\Handlers\FileHandler' driver.
DEBUG - 2026-01-12 08:16:55 --> Session: Class initialized using 'CodeIgniter\Session\Handlers\FileHandler' driver.
DEBUG - 2026-01-12 08:17:54 --> Session: Class initialized using 'CodeIgniter\Session\Handlers\FileHandler' driver.
DEBUG - 2026-01-12 08:18:20 --> Session: Class initialized using 'CodeIgniter\Session\Handlers\FileHandler' driver.
WARNING - 2026-01-12 08:18:20 --> [DEPRECATED] Function strftime() is deprecated in APPPATH\Views\users\temuan_patrol.php on line 678.
 1 SYSTEMPATH\View\View.php(226): include('C:\\Program Files\\Ampps\\www\\new-quality-patrol\\app\\Views\\users\\temuan_patrol.php')
 2 SYSTEMPATH\View\View.php(229): CodeIgniter\View\View->CodeIgniter\View\{closure}()
 3 SYSTEMPATH\Common.php(1167): CodeIgniter\View\View->render('users/temuan_patrol', [], true)
 4 APPPATH\Controllers\Temuan_patrol.php(45): view('users/temuan_patrol', [...])
 5 SYSTEMPATH\CodeIgniter.php(933): App\Controllers\Temuan_patrol->index()
 6 SYSTEMPATH\CodeIgniter.php(507): CodeIgniter\CodeIgniter->runController(Object(App\Controllers\Temuan_patrol))
 7 SYSTEMPATH\CodeIgniter.php(354): CodeIgniter\CodeIgniter->handleRequest(null, Object(Config\Cache), false)
 8 SYSTEMPATH\Boot.php(363): CodeIgniter\CodeIgniter->run()
 9 SYSTEMPATH\Boot.php(68): CodeIgniter\Boot::runCodeIgniter(Object(CodeIgniter\CodeIgniter))
10 FCPATH\index.php(59): CodeIgniter\Boot::bootWeb(Object(Config\Paths))
11 SYSTEMPATH\rewrite.php(44): require_once('C:\\Program Files\\Ampps\\www\\new-quality-patrol\\public\\index.php')
WARNING - 2026-01-12 08:18:20 --> [DEPRECATED] Function strftime() is deprecated in APPPATH\Views\users\temuan_patrol.php on line 678.
 1 SYSTEMPATH\View\View.php(226): include('C:\\Program Files\\Ampps\\www\\new-quality-patrol\\app\\Views\\users\\temuan_patrol.php')
 2 SYSTEMPATH\View\View.php(229): CodeIgniter\View\View->CodeIgniter\View\{closure}()
 3 SYSTEMPATH\Common.php(1167): CodeIgniter\View\View->render('users/temuan_patrol', [], true)
 4 APPPATH\Controllers\Temuan_patrol.php(45): view('users/temuan_patrol', [...])
 5 SYSTEMPATH\CodeIgniter.php(933): App\Controllers\Temuan_patrol->index()
 6 SYSTEMPATH\CodeIgniter.php(507): CodeIgniter\CodeIgniter->runController(Object(App\Controllers\Temuan_patrol))
 7 SYSTEMPATH\CodeIgniter.php(354): CodeIgniter\CodeIgniter->handleRequest(null, Object(Config\Cache), false)
 8 SYSTEMPATH\Boot.php(363): CodeIgniter\CodeIgniter->run()
 9 SYSTEMPATH\Boot.php(68): CodeIgniter\Boot::runCodeIgniter(Object(CodeIgniter\CodeIgniter))
10 FCPATH\index.php(59): CodeIgniter\Boot::bootWeb(Object(Config\Paths))
11 SYSTEMPATH\rewrite.php(44): require_once('C:\\Program Files\\Ampps\\www\\new-quality-patrol\\public\\index.php')
WARNING - 2026-01-12 08:18:20 --> [DEPRECATED] Function strftime() is deprecated in APPPATH\Views\users\temuan_patrol.php on line 678.
 1 SYSTEMPATH\View\View.php(226): include('C:\\Program Files\\Ampps\\www\\new-quality-patrol\\app\\Views\\users\\temuan_patrol.php')
 2 SYSTEMPATH\View\View.php(229): CodeIgniter\View\View->CodeIgniter\View\{closure}()
 3 SYSTEMPATH\Common.php(1167): CodeIgniter\View\View->render('users/temuan_patrol', [], true)
 4 APPPATH\Controllers\Temuan_patrol.php(45): view('users/temuan_patrol', [...])
 5 SYSTEMPATH\CodeIgniter.php(933): App\Controllers\Temuan_patrol->index()
 6 SYSTEMPATH\CodeIgniter.php(507): CodeIgniter\CodeIgniter->runController(Object(App\Controllers\Temuan_patrol))
 7 SYSTEMPATH\CodeIgniter.php(354): CodeIgniter\CodeIgniter->handleRequest(null, Object(Config\Cache), false)
 8 SYSTEMPATH\Boot.php(363): CodeIgniter\CodeIgniter->run()
 9 SYSTEMPATH\Boot.php(68): CodeIgniter\Boot::runCodeIgniter(Object(CodeIgniter\CodeIgniter))
10 FCPATH\index.php(59): CodeIgniter\Boot::bootWeb(Object(Config\Paths))
11 SYSTEMPATH\rewrite.php(44): require_once('C:\\Program Files\\Ampps\\www\\new-quality-patrol\\public\\index.php')
WARNING - 2026-01-12 08:18:20 --> [DEPRECATED] Function strftime() is deprecated in APPPATH\Views\users\temuan_patrol.php on line 678.
 1 SYSTEMPATH\View\View.php(226): include('C:\\Program Files\\Ampps\\www\\new-quality-patrol\\app\\Views\\users\\temuan_patrol.php')
 2 SYSTEMPATH\View\View.php(229): CodeIgniter\View\View->CodeIgniter\View\{closure}()
 3 SYSTEMPATH\Common.php(1167): CodeIgniter\View\View->render('users/temuan_patrol', [], true)
 4 APPPATH\Controllers\Temuan_patrol.php(45): view('users/temuan_patrol', [...])
 5 SYSTEMPATH\CodeIgniter.php(933): App\Controllers\Temuan_patrol->index()
 6 SYSTEMPATH\CodeIgniter.php(507): CodeIgniter\CodeIgniter->runController(Object(App\Controllers\Temuan_patrol))
 7 SYSTEMPATH\CodeIgniter.php(354): CodeIgniter\CodeIgniter->handleRequest(null, Object(Config\Cache), false)
 8 SYSTEMPATH\Boot.php(363): CodeIgniter\CodeIgniter->run()
 9 SYSTEMPATH\Boot.php(68): CodeIgniter\Boot::runCodeIgniter(Object(CodeIgniter\CodeIgniter))
10 FCPATH\index.php(59): CodeIgniter\Boot::bootWeb(Object(Config\Paths))
11 SYSTEMPATH\rewrite.php(44): require_once('C:\\Program Files\\Ampps\\www\\new-quality-patrol\\public\\index.php')
DEBUG - 2026-01-12 08:18:26 --> Session: Class initialized using 'CodeIgniter\Session\Handlers\FileHandler' driver.
DEBUG - 2026-01-12 08:18:37 --> Session: Class initialized using 'CodeIgniter\Session\Handlers\FileHandler' driver.
DEBUG - 2026-01-12 08:18:39 --> Session: Class initialized using 'CodeIgniter\Session\Handlers\FileHandler' driver.
DEBUG - 2026-01-12 08:18:58 --> Session: Class initialized using 'CodeIgniter\Session\Handlers\FileHandler' driver.
DEBUG - 2026-01-12 08:36:21 --> Session: Class initialized using 'CodeIgniter\Session\Handlers\FileHandler' driver.
DEBUG - 2026-01-12 08:41:28 --> Session: Class initialized using 'CodeIgniter\Session\Handlers\FileHandler' driver.
WARNING - 2026-01-12 08:41:28 --> [DEPRECATED] Function strftime() is deprecated in APPPATH\Views\users\temuan_patrol.php on line 678.
 1 SYSTEMPATH\View\View.php(226): include('C:\\Program Files\\Ampps\\www\\new-quality-patrol\\app\\Views\\users\\temuan_patrol.php')
 2 SYSTEMPATH\View\View.php(229): CodeIgniter\View\View->CodeIgniter\View\{closure}()
 3 SYSTEMPATH\Common.php(1167): CodeIgniter\View\View->render('users/temuan_patrol', [], true)
 4 APPPATH\Controllers\Temuan_patrol.php(45): view('users/temuan_patrol', [...])
 5 SYSTEMPATH\CodeIgniter.php(933): App\Controllers\Temuan_patrol->index()
 6 SYSTEMPATH\CodeIgniter.php(507): CodeIgniter\CodeIgniter->runController(Object(App\Controllers\Temuan_patrol))
 7 SYSTEMPATH\CodeIgniter.php(354): CodeIgniter\CodeIgniter->handleRequest(null, Object(Config\Cache), false)
 8 SYSTEMPATH\Boot.php(363): CodeIgniter\CodeIgniter->run()
 9 SYSTEMPATH\Boot.php(68): CodeIgniter\Boot::runCodeIgniter(Object(CodeIgniter\CodeIgniter))
10 FCPATH\index.php(59): CodeIgniter\Boot::bootWeb(Object(Config\Paths))
11 SYSTEMPATH\rewrite.php(44): require_once('C:\\Program Files\\Ampps\\www\\new-quality-patrol\\public\\index.php')
WARNING - 2026-01-12 08:41:28 --> [DEPRECATED] Function strftime() is deprecated in APPPATH\Views\users\temuan_patrol.php on line 678.
 1 SYSTEMPATH\View\View.php(226): include('C:\\Program Files\\Ampps\\www\\new-quality-patrol\\app\\Views\\users\\temuan_patrol.php')
 2 SYSTEMPATH\View\View.php(229): CodeIgniter\View\View->CodeIgniter\View\{closure}()
 3 SYSTEMPATH\Common.php(1167): CodeIgniter\View\View->render('users/temuan_patrol', [], true)
 4 APPPATH\Controllers\Temuan_patrol.php(45): view('users/temuan_patrol', [...])
 5 SYSTEMPATH\CodeIgniter.php(933): App\Controllers\Temuan_patrol->index()
 6 SYSTEMPATH\CodeIgniter.php(507): CodeIgniter\CodeIgniter->runController(Object(App\Controllers\Temuan_patrol))
 7 SYSTEMPATH\CodeIgniter.php(354): CodeIgniter\CodeIgniter->handleRequest(null, Object(Config\Cache), false)
 8 SYSTEMPATH\Boot.php(363): CodeIgniter\CodeIgniter->run()
 9 SYSTEMPATH\Boot.php(68): CodeIgniter\Boot::runCodeIgniter(Object(CodeIgniter\CodeIgniter))
10 FCPATH\index.php(59): CodeIgniter\Boot::bootWeb(Object(Config\Paths))
11 SYSTEMPATH\rewrite.php(44): require_once('C:\\Program Files\\Ampps\\www\\new-quality-patrol\\public\\index.php')
WARNING - 2026-01-12 08:41:28 --> [DEPRECATED] Function strftime() is deprecated in APPPATH\Views\users\temuan_patrol.php on line 678.
 1 SYSTEMPATH\View\View.php(226): include('C:\\Program Files\\Ampps\\www\\new-quality-patrol\\app\\Views\\users\\temuan_patrol.php')
 2 SYSTEMPATH\View\View.php(229): CodeIgniter\View\View->CodeIgniter\View\{closure}()
 3 SYSTEMPATH\Common.php(1167): CodeIgniter\View\View->render('users/temuan_patrol', [], true)
 4 APPPATH\Controllers\Temuan_patrol.php(45): view('users/temuan_patrol', [...])
 5 SYSTEMPATH\CodeIgniter.php(933): App\Controllers\Temuan_patrol->index()
 6 SYSTEMPATH\CodeIgniter.php(507): CodeIgniter\CodeIgniter->runController(Object(App\Controllers\Temuan_patrol))
 7 SYSTEMPATH\CodeIgniter.php(354): CodeIgniter\CodeIgniter->handleRequest(null, Object(Config\Cache), false)
 8 SYSTEMPATH\Boot.php(363): CodeIgniter\CodeIgniter->run()
 9 SYSTEMPATH\Boot.php(68): CodeIgniter\Boot::runCodeIgniter(Object(CodeIgniter\CodeIgniter))
10 FCPATH\index.php(59): CodeIgniter\Boot::bootWeb(Object(Config\Paths))
11 SYSTEMPATH\rewrite.php(44): require_once('C:\\Program Files\\Ampps\\www\\new-quality-patrol\\public\\index.php')
DEBUG - 2026-01-12 08:41:30 --> Session: Class initialized using 'CodeIgniter\Session\Handlers\FileHandler' driver.
DEBUG - 2026-01-12 08:49:03 --> Session: Class initialized using 'CodeIgniter\Session\Handlers\FileHandler' driver.
WARNING - 2026-01-12 08:49:03 --> [DEPRECATED] Function strftime() is deprecated in APPPATH\Views\users\temuan_patrol.php on line 685.
 1 SYSTEMPATH\View\View.php(226): include('C:\\Program Files\\Ampps\\www\\new-quality-patrol\\app\\Views\\users\\temuan_patrol.php')
 2 SYSTEMPATH\View\View.php(229): CodeIgniter\View\View->CodeIgniter\View\{closure}()
 3 SYSTEMPATH\Common.php(1167): CodeIgniter\View\View->render('users/temuan_patrol', [], true)
 4 APPPATH\Controllers\Temuan_patrol.php(45): view('users/temuan_patrol', [...])
 5 SYSTEMPATH\CodeIgniter.php(933): App\Controllers\Temuan_patrol->index()
 6 SYSTEMPATH\CodeIgniter.php(507): CodeIgniter\CodeIgniter->runController(Object(App\Controllers\Temuan_patrol))
 7 SYSTEMPATH\CodeIgniter.php(354): CodeIgniter\CodeIgniter->handleRequest(null, Object(Config\Cache), false)
 8 SYSTEMPATH\Boot.php(363): CodeIgniter\CodeIgniter->run()
 9 SYSTEMPATH\Boot.php(68): CodeIgniter\Boot::runCodeIgniter(Object(CodeIgniter\CodeIgniter))
10 FCPATH\index.php(59): CodeIgniter\Boot::bootWeb(Object(Config\Paths))
11 SYSTEMPATH\rewrite.php(44): require_once('C:\\Program Files\\Ampps\\www\\new-quality-patrol\\public\\index.php')
WARNING - 2026-01-12 08:49:03 --> [DEPRECATED] Function strftime() is deprecated in APPPATH\Views\users\temuan_patrol.php on line 685.
 1 SYSTEMPATH\View\View.php(226): include('C:\\Program Files\\Ampps\\www\\new-quality-patrol\\app\\Views\\users\\temuan_patrol.php')
 2 SYSTEMPATH\View\View.php(229): CodeIgniter\View\View->CodeIgniter\View\{closure}()
 3 SYSTEMPATH\Common.php(1167): CodeIgniter\View\View->render('users/temuan_patrol', [], true)
 4 APPPATH\Controllers\Temuan_patrol.php(45): view('users/temuan_patrol', [...])
 5 SYSTEMPATH\CodeIgniter.php(933): App\Controllers\Temuan_patrol->index()
 6 SYSTEMPATH\CodeIgniter.php(507): CodeIgniter\CodeIgniter->runController(Object(App\Controllers\Temuan_patrol))
 7 SYSTEMPATH\CodeIgniter.php(354): CodeIgniter\CodeIgniter->handleRequest(null, Object(Config\Cache), false)
 8 SYSTEMPATH\Boot.php(363): CodeIgniter\CodeIgniter->run()
 9 SYSTEMPATH\Boot.php(68): CodeIgniter\Boot::runCodeIgniter(Object(CodeIgniter\CodeIgniter))
10 FCPATH\index.php(59): CodeIgniter\Boot::bootWeb(Object(Config\Paths))
11 SYSTEMPATH\rewrite.php(44): require_once('C:\\Program Files\\Ampps\\www\\new-quality-patrol\\public\\index.php')
WARNING - 2026-01-12 08:49:03 --> [DEPRECATED] Function strftime() is deprecated in APPPATH\Views\users\temuan_patrol.php on line 685.
 1 SYSTEMPATH\View\View.php(226): include('C:\\Program Files\\Ampps\\www\\new-quality-patrol\\app\\Views\\users\\temuan_patrol.php')
 2 SYSTEMPATH\View\View.php(229): CodeIgniter\View\View->CodeIgniter\View\{closure}()
 3 SYSTEMPATH\Common.php(1167): CodeIgniter\View\View->render('users/temuan_patrol', [], true)
 4 APPPATH\Controllers\Temuan_patrol.php(45): view('users/temuan_patrol', [...])
 5 SYSTEMPATH\CodeIgniter.php(933): App\Controllers\Temuan_patrol->index()
 6 SYSTEMPATH\CodeIgniter.php(507): CodeIgniter\CodeIgniter->runController(Object(App\Controllers\Temuan_patrol))
 7 SYSTEMPATH\CodeIgniter.php(354): CodeIgniter\CodeIgniter->handleRequest(null, Object(Config\Cache), false)
 8 SYSTEMPATH\Boot.php(363): CodeIgniter\CodeIgniter->run()
 9 SYSTEMPATH\Boot.php(68): CodeIgniter\Boot::runCodeIgniter(Object(CodeIgniter\CodeIgniter))
10 FCPATH\index.php(59): CodeIgniter\Boot::bootWeb(Object(Config\Paths))
11 SYSTEMPATH\rewrite.php(44): require_once('C:\\Program Files\\Ampps\\www\\new-quality-patrol\\public\\index.php')
DEBUG - 2026-01-12 08:49:05 --> Session: Class initialized using 'CodeIgniter\Session\Handlers\FileHandler' driver.
DEBUG - 2026-01-12 08:56:40 --> Session: Class initialized using 'CodeIgniter\Session\Handlers\FileHandler' driver.
DEBUG - 2026-01-12 08:56:45 --> Session: Class initialized using 'CodeIgniter\Session\Handlers\FileHandler' driver.
WARNING - 2026-01-12 08:56:45 --> [DEPRECATED] Function strftime() is deprecated in APPPATH\Views\users\temuan_patrol.php on line 685.
 1 SYSTEMPATH\View\View.php(226): include('C:\\Program Files\\Ampps\\www\\new-quality-patrol\\app\\Views\\users\\temuan_patrol.php')
 2 SYSTEMPATH\View\View.php(229): CodeIgniter\View\View->CodeIgniter\View\{closure}()
 3 SYSTEMPATH\Common.php(1167): CodeIgniter\View\View->render('users/temuan_patrol', [], true)
 4 APPPATH\Controllers\Temuan_patrol.php(45): view('users/temuan_patrol', [...])
 5 SYSTEMPATH\CodeIgniter.php(933): App\Controllers\Temuan_patrol->index()
 6 SYSTEMPATH\CodeIgniter.php(507): CodeIgniter\CodeIgniter->runController(Object(App\Controllers\Temuan_patrol))
 7 SYSTEMPATH\CodeIgniter.php(354): CodeIgniter\CodeIgniter->handleRequest(null, Object(Config\Cache), false)
 8 SYSTEMPATH\Boot.php(363): CodeIgniter\CodeIgniter->run()
 9 SYSTEMPATH\Boot.php(68): CodeIgniter\Boot::runCodeIgniter(Object(CodeIgniter\CodeIgniter))
10 FCPATH\index.php(59): CodeIgniter\Boot::bootWeb(Object(Config\Paths))
11 SYSTEMPATH\rewrite.php(44): require_once('C:\\Program Files\\Ampps\\www\\new-quality-patrol\\public\\index.php')
WARNING - 2026-01-12 08:56:45 --> [DEPRECATED] Function strftime() is deprecated in APPPATH\Views\users\temuan_patrol.php on line 685.
 1 SYSTEMPATH\View\View.php(226): include('C:\\Program Files\\Ampps\\www\\new-quality-patrol\\app\\Views\\users\\temuan_patrol.php')
 2 SYSTEMPATH\View\View.php(229): CodeIgniter\View\View->CodeIgniter\View\{closure}()
 3 SYSTEMPATH\Common.php(1167): CodeIgniter\View\View->render('users/temuan_patrol', [], true)
 4 APPPATH\Controllers\Temuan_patrol.php(45): view('users/temuan_patrol', [...])
 5 SYSTEMPATH\CodeIgniter.php(933): App\Controllers\Temuan_patrol->index()
 6 SYSTEMPATH\CodeIgniter.php(507): CodeIgniter\CodeIgniter->runController(Object(App\Controllers\Temuan_patrol))
 7 SYSTEMPATH\CodeIgniter.php(354): CodeIgniter\CodeIgniter->handleRequest(null, Object(Config\Cache), false)
 8 SYSTEMPATH\Boot.php(363): CodeIgniter\CodeIgniter->run()
 9 SYSTEMPATH\Boot.php(68): CodeIgniter\Boot::runCodeIgniter(Object(CodeIgniter\CodeIgniter))
10 FCPATH\index.php(59): CodeIgniter\Boot::bootWeb(Object(Config\Paths))
11 SYSTEMPATH\rewrite.php(44): require_once('C:\\Program Files\\Ampps\\www\\new-quality-patrol\\public\\index.php')
WARNING - 2026-01-12 08:56:45 --> [DEPRECATED] Function strftime() is deprecated in APPPATH\Views\users\temuan_patrol.php on line 685.
 1 SYSTEMPATH\View\View.php(226): include('C:\\Program Files\\Ampps\\www\\new-quality-patrol\\app\\Views\\users\\temuan_patrol.php')
 2 SYSTEMPATH\View\View.php(229): CodeIgniter\View\View->CodeIgniter\View\{closure}()
 3 SYSTEMPATH\Common.php(1167): CodeIgniter\View\View->render('users/temuan_patrol', [], true)
 4 APPPATH\Controllers\Temuan_patrol.php(45): view('users/temuan_patrol', [...])
 5 SYSTEMPATH\CodeIgniter.php(933): App\Controllers\Temuan_patrol->index()
 6 SYSTEMPATH\CodeIgniter.php(507): CodeIgniter\CodeIgniter->runController(Object(App\Controllers\Temuan_patrol))
 7 SYSTEMPATH\CodeIgniter.php(354): CodeIgniter\CodeIgniter->handleRequest(null, Object(Config\Cache), false)
 8 SYSTEMPATH\Boot.php(363): CodeIgniter\CodeIgniter->run()
 9 SYSTEMPATH\Boot.php(68): CodeIgniter\Boot::runCodeIgniter(Object(CodeIgniter\CodeIgniter))
10 FCPATH\index.php(59): CodeIgniter\Boot::bootWeb(Object(Config\Paths))
11 SYSTEMPATH\rewrite.php(44): require_once('C:\\Program Files\\Ampps\\www\\new-quality-patrol\\public\\index.php')
DEBUG - 2026-01-12 08:57:59 --> Session: Class initialized using 'CodeIgniter\Session\Handlers\FileHandler' driver.
DEBUG - 2026-01-12 08:58:41 --> Session: Class initialized using 'CodeIgniter\Session\Handlers\FileHandler' driver.
WARNING - 2026-01-12 08:58:41 --> [DEPRECATED] Function strftime() is deprecated in APPPATH\Views\users\temuan_patrol.php on line 685.
 1 SYSTEMPATH\View\View.php(226): include('C:\\Program Files\\Ampps\\www\\new-quality-patrol\\app\\Views\\users\\temuan_patrol.php')
 2 SYSTEMPATH\View\View.php(229): CodeIgniter\View\View->CodeIgniter\View\{closure}()
 3 SYSTEMPATH\Common.php(1167): CodeIgniter\View\View->render('users/temuan_patrol', [], true)
 4 APPPATH\Controllers\Temuan_patrol.php(45): view('users/temuan_patrol', [...])
 5 SYSTEMPATH\CodeIgniter.php(933): App\Controllers\Temuan_patrol->index()
 6 SYSTEMPATH\CodeIgniter.php(507): CodeIgniter\CodeIgniter->runController(Object(App\Controllers\Temuan_patrol))
 7 SYSTEMPATH\CodeIgniter.php(354): CodeIgniter\CodeIgniter->handleRequest(null, Object(Config\Cache), false)
 8 SYSTEMPATH\Boot.php(363): CodeIgniter\CodeIgniter->run()
 9 SYSTEMPATH\Boot.php(68): CodeIgniter\Boot::runCodeIgniter(Object(CodeIgniter\CodeIgniter))
10 FCPATH\index.php(59): CodeIgniter\Boot::bootWeb(Object(Config\Paths))
11 SYSTEMPATH\rewrite.php(44): require_once('C:\\Program Files\\Ampps\\www\\new-quality-patrol\\public\\index.php')
WARNING - 2026-01-12 08:58:41 --> [DEPRECATED] Function strftime() is deprecated in APPPATH\Views\users\temuan_patrol.php on line 685.
 1 SYSTEMPATH\View\View.php(226): include('C:\\Program Files\\Ampps\\www\\new-quality-patrol\\app\\Views\\users\\temuan_patrol.php')
 2 SYSTEMPATH\View\View.php(229): CodeIgniter\View\View->CodeIgniter\View\{closure}()
 3 SYSTEMPATH\Common.php(1167): CodeIgniter\View\View->render('users/temuan_patrol', [], true)
 4 APPPATH\Controllers\Temuan_patrol.php(45): view('users/temuan_patrol', [...])
 5 SYSTEMPATH\CodeIgniter.php(933): App\Controllers\Temuan_patrol->index()
 6 SYSTEMPATH\CodeIgniter.php(507): CodeIgniter\CodeIgniter->runController(Object(App\Controllers\Temuan_patrol))
 7 SYSTEMPATH\CodeIgniter.php(354): CodeIgniter\CodeIgniter->handleRequest(null, Object(Config\Cache), false)
 8 SYSTEMPATH\Boot.php(363): CodeIgniter\CodeIgniter->run()
 9 SYSTEMPATH\Boot.php(68): CodeIgniter\Boot::runCodeIgniter(Object(CodeIgniter\CodeIgniter))
10 FCPATH\index.php(59): CodeIgniter\Boot::bootWeb(Object(Config\Paths))
11 SYSTEMPATH\rewrite.php(44): require_once('C:\\Program Files\\Ampps\\www\\new-quality-patrol\\public\\index.php')
WARNING - 2026-01-12 08:58:41 --> [DEPRECATED] Function strftime() is deprecated in APPPATH\Views\users\temuan_patrol.php on line 685.
 1 SYSTEMPATH\View\View.php(226): include('C:\\Program Files\\Ampps\\www\\new-quality-patrol\\app\\Views\\users\\temuan_patrol.php')
 2 SYSTEMPATH\View\View.php(229): CodeIgniter\View\View->CodeIgniter\View\{closure}()
 3 SYSTEMPATH\Common.php(1167): CodeIgniter\View\View->render('users/temuan_patrol', [], true)
 4 APPPATH\Controllers\Temuan_patrol.php(45): view('users/temuan_patrol', [...])
 5 SYSTEMPATH\CodeIgniter.php(933): App\Controllers\Temuan_patrol->index()
 6 SYSTEMPATH\CodeIgniter.php(507): CodeIgniter\CodeIgniter->runController(Object(App\Controllers\Temuan_patrol))
 7 SYSTEMPATH\CodeIgniter.php(354): CodeIgniter\CodeIgniter->handleRequest(null, Object(Config\Cache), false)
 8 SYSTEMPATH\Boot.php(363): CodeIgniter\CodeIgniter->run()
 9 SYSTEMPATH\Boot.php(68): CodeIgniter\Boot::runCodeIgniter(Object(CodeIgniter\CodeIgniter))
10 FCPATH\index.php(59): CodeIgniter\Boot::bootWeb(Object(Config\Paths))
11 SYSTEMPATH\rewrite.php(44): require_once('C:\\Program Files\\Ampps\\www\\new-quality-patrol\\public\\index.php')
DEBUG - 2026-01-12 08:58:42 --> Session: Class initialized using 'CodeIgniter\Session\Handlers\FileHandler' driver.
DEBUG - 2026-01-12 09:05:52 --> Session: Class initialized using 'CodeIgniter\Session\Handlers\FileHandler' driver.
WARNING - 2026-01-12 09:05:52 --> [DEPRECATED] Function strftime() is deprecated in APPPATH\Views\users\temuan_patrol.php on line 685.
 1 SYSTEMPATH\View\View.php(226): include('C:\\Program Files\\Ampps\\www\\new-quality-patrol\\app\\Views\\users\\temuan_patrol.php')
 2 SYSTEMPATH\View\View.php(229): CodeIgniter\View\View->CodeIgniter\View\{closure}()
 3 SYSTEMPATH\Common.php(1167): CodeIgniter\View\View->render('users/temuan_patrol', [], true)
 4 APPPATH\Controllers\Temuan_patrol.php(45): view('users/temuan_patrol', [...])
 5 SYSTEMPATH\CodeIgniter.php(933): App\Controllers\Temuan_patrol->index()
 6 SYSTEMPATH\CodeIgniter.php(507): CodeIgniter\CodeIgniter->runController(Object(App\Controllers\Temuan_patrol))
 7 SYSTEMPATH\CodeIgniter.php(354): CodeIgniter\CodeIgniter->handleRequest(null, Object(Config\Cache), false)
 8 SYSTEMPATH\Boot.php(363): CodeIgniter\CodeIgniter->run()
 9 SYSTEMPATH\Boot.php(68): CodeIgniter\Boot::runCodeIgniter(Object(CodeIgniter\CodeIgniter))
10 FCPATH\index.php(59): CodeIgniter\Boot::bootWeb(Object(Config\Paths))
11 SYSTEMPATH\rewrite.php(44): require_once('C:\\Program Files\\Ampps\\www\\new-quality-patrol\\public\\index.php')
WARNING - 2026-01-12 09:05:52 --> [DEPRECATED] Function strftime() is deprecated in APPPATH\Views\users\temuan_patrol.php on line 685.
 1 SYSTEMPATH\View\View.php(226): include('C:\\Program Files\\Ampps\\www\\new-quality-patrol\\app\\Views\\users\\temuan_patrol.php')
 2 SYSTEMPATH\View\View.php(229): CodeIgniter\View\View->CodeIgniter\View\{closure}()
 3 SYSTEMPATH\Common.php(1167): CodeIgniter\View\View->render('users/temuan_patrol', [], true)
 4 APPPATH\Controllers\Temuan_patrol.php(45): view('users/temuan_patrol', [...])
 5 SYSTEMPATH\CodeIgniter.php(933): App\Controllers\Temuan_patrol->index()
 6 SYSTEMPATH\CodeIgniter.php(507): CodeIgniter\CodeIgniter->runController(Object(App\Controllers\Temuan_patrol))
 7 SYSTEMPATH\CodeIgniter.php(354): CodeIgniter\CodeIgniter->handleRequest(null, Object(Config\Cache), false)
 8 SYSTEMPATH\Boot.php(363): CodeIgniter\CodeIgniter->run()
 9 SYSTEMPATH\Boot.php(68): CodeIgniter\Boot::runCodeIgniter(Object(CodeIgniter\CodeIgniter))
10 FCPATH\index.php(59): CodeIgniter\Boot::bootWeb(Object(Config\Paths))
11 SYSTEMPATH\rewrite.php(44): require_once('C:\\Program Files\\Ampps\\www\\new-quality-patrol\\public\\index.php')
WARNING - 2026-01-12 09:05:52 --> [DEPRECATED] Function strftime() is deprecated in APPPATH\Views\users\temuan_patrol.php on line 685.
 1 SYSTEMPATH\View\View.php(226): include('C:\\Program Files\\Ampps\\www\\new-quality-patrol\\app\\Views\\users\\temuan_patrol.php')
 2 SYSTEMPATH\View\View.php(229): CodeIgniter\View\View->CodeIgniter\View\{closure}()
 3 SYSTEMPATH\Common.php(1167): CodeIgniter\View\View->render('users/temuan_patrol', [], true)
 4 APPPATH\Controllers\Temuan_patrol.php(45): view('users/temuan_patrol', [...])
 5 SYSTEMPATH\CodeIgniter.php(933): App\Controllers\Temuan_patrol->index()
 6 SYSTEMPATH\CodeIgniter.php(507): CodeIgniter\CodeIgniter->runController(Object(App\Controllers\Temuan_patrol))
 7 SYSTEMPATH\CodeIgniter.php(354): CodeIgniter\CodeIgniter->handleRequest(null, Object(Config\Cache), false)
 8 SYSTEMPATH\Boot.php(363): CodeIgniter\CodeIgniter->run()
 9 SYSTEMPATH\Boot.php(68): CodeIgniter\Boot::runCodeIgniter(Object(CodeIgniter\CodeIgniter))
10 FCPATH\index.php(59): CodeIgniter\Boot::bootWeb(Object(Config\Paths))
11 SYSTEMPATH\rewrite.php(44): require_once('C:\\Program Files\\Ampps\\www\\new-quality-patrol\\public\\index.php')
DEBUG - 2026-01-12 09:05:55 --> Session: Class initialized using 'CodeIgniter\Session\Handlers\FileHandler' driver.
DEBUG - 2026-01-12 09:05:57 --> Session: Class initialized using 'CodeIgniter\Session\Handlers\FileHandler' driver.
DEBUG - 2026-01-12 09:06:27 --> Session: Class initialized using 'CodeIgniter\Session\Handlers\FileHandler' driver.
WARNING - 2026-01-12 09:06:27 --> [DEPRECATED] Function strftime() is deprecated in APPPATH\Views\users\temuan_patrol.php on line 685.
 1 SYSTEMPATH\View\View.php(226): include('C:\\Program Files\\Ampps\\www\\new-quality-patrol\\app\\Views\\users\\temuan_patrol.php')
 2 SYSTEMPATH\View\View.php(229): CodeIgniter\View\View->CodeIgniter\View\{closure}()
 3 SYSTEMPATH\Common.php(1167): CodeIgniter\View\View->render('users/temuan_patrol', [], true)
 4 APPPATH\Controllers\Temuan_patrol.php(45): view('users/temuan_patrol', [...])
 5 SYSTEMPATH\CodeIgniter.php(933): App\Controllers\Temuan_patrol->index()
 6 SYSTEMPATH\CodeIgniter.php(507): CodeIgniter\CodeIgniter->runController(Object(App\Controllers\Temuan_patrol))
 7 SYSTEMPATH\CodeIgniter.php(354): CodeIgniter\CodeIgniter->handleRequest(null, Object(Config\Cache), false)
 8 SYSTEMPATH\Boot.php(363): CodeIgniter\CodeIgniter->run()
 9 SYSTEMPATH\Boot.php(68): CodeIgniter\Boot::runCodeIgniter(Object(CodeIgniter\CodeIgniter))
10 FCPATH\index.php(59): CodeIgniter\Boot::bootWeb(Object(Config\Paths))
11 SYSTEMPATH\rewrite.php(44): require_once('C:\\Program Files\\Ampps\\www\\new-quality-patrol\\public\\index.php')
WARNING - 2026-01-12 09:06:27 --> [DEPRECATED] Function strftime() is deprecated in APPPATH\Views\users\temuan_patrol.php on line 685.
 1 SYSTEMPATH\View\View.php(226): include('C:\\Program Files\\Ampps\\www\\new-quality-patrol\\app\\Views\\users\\temuan_patrol.php')
 2 SYSTEMPATH\View\View.php(229): CodeIgniter\View\View->CodeIgniter\View\{closure}()
 3 SYSTEMPATH\Common.php(1167): CodeIgniter\View\View->render('users/temuan_patrol', [], true)
 4 APPPATH\Controllers\Temuan_patrol.php(45): view('users/temuan_patrol', [...])
 5 SYSTEMPATH\CodeIgniter.php(933): App\Controllers\Temuan_patrol->index()
 6 SYSTEMPATH\CodeIgniter.php(507): CodeIgniter\CodeIgniter->runController(Object(App\Controllers\Temuan_patrol))
 7 SYSTEMPATH\CodeIgniter.php(354): CodeIgniter\CodeIgniter->handleRequest(null, Object(Config\Cache), false)
 8 SYSTEMPATH\Boot.php(363): CodeIgniter\CodeIgniter->run()
 9 SYSTEMPATH\Boot.php(68): CodeIgniter\Boot::runCodeIgniter(Object(CodeIgniter\CodeIgniter))
10 FCPATH\index.php(59): CodeIgniter\Boot::bootWeb(Object(Config\Paths))
11 SYSTEMPATH\rewrite.php(44): require_once('C:\\Program Files\\Ampps\\www\\new-quality-patrol\\public\\index.php')
WARNING - 2026-01-12 09:06:27 --> [DEPRECATED] Function strftime() is deprecated in APPPATH\Views\users\temuan_patrol.php on line 685.
 1 SYSTEMPATH\View\View.php(226): include('C:\\Program Files\\Ampps\\www\\new-quality-patrol\\app\\Views\\users\\temuan_patrol.php')
 2 SYSTEMPATH\View\View.php(229): CodeIgniter\View\View->CodeIgniter\View\{closure}()
 3 SYSTEMPATH\Common.php(1167): CodeIgniter\View\View->render('users/temuan_patrol', [], true)
 4 APPPATH\Controllers\Temuan_patrol.php(45): view('users/temuan_patrol', [...])
 5 SYSTEMPATH\CodeIgniter.php(933): App\Controllers\Temuan_patrol->index()
 6 SYSTEMPATH\CodeIgniter.php(507): CodeIgniter\CodeIgniter->runController(Object(App\Controllers\Temuan_patrol))
 7 SYSTEMPATH\CodeIgniter.php(354): CodeIgniter\CodeIgniter->handleRequest(null, Object(Config\Cache), false)
 8 SYSTEMPATH\Boot.php(363): CodeIgniter\CodeIgniter->run()
 9 SYSTEMPATH\Boot.php(68): CodeIgniter\Boot::runCodeIgniter(Object(CodeIgniter\CodeIgniter))
10 FCPATH\index.php(59): CodeIgniter\Boot::bootWeb(Object(Config\Paths))
11 SYSTEMPATH\rewrite.php(44): require_once('C:\\Program Files\\Ampps\\www\\new-quality-patrol\\public\\index.php')
DEBUG - 2026-01-12 09:06:32 --> Session: Class initialized using 'CodeIgniter\Session\Handlers\FileHandler' driver.
DEBUG - 2026-01-12 09:12:03 --> Session: Class initialized using 'CodeIgniter\Session\Handlers\FileHandler' driver.
WARNING - 2026-01-12 09:12:03 --> [DEPRECATED] Function strftime() is deprecated in APPPATH\Views\users\temuan_patrol.php on line 685.
 1 SYSTEMPATH\View\View.php(226): include('C:\\Program Files\\Ampps\\www\\new-quality-patrol\\app\\Views\\users\\temuan_patrol.php')
 2 SYSTEMPATH\View\View.php(229): CodeIgniter\View\View->CodeIgniter\View\{closure}()
 3 SYSTEMPATH\Common.php(1167): CodeIgniter\View\View->render('users/temuan_patrol', [], true)
 4 APPPATH\Controllers\Temuan_patrol.php(45): view('users/temuan_patrol', [...])
 5 SYSTEMPATH\CodeIgniter.php(933): App\Controllers\Temuan_patrol->index()
 6 SYSTEMPATH\CodeIgniter.php(507): CodeIgniter\CodeIgniter->runController(Object(App\Controllers\Temuan_patrol))
 7 SYSTEMPATH\CodeIgniter.php(354): CodeIgniter\CodeIgniter->handleRequest(null, Object(Config\Cache), false)
 8 SYSTEMPATH\Boot.php(363): CodeIgniter\CodeIgniter->run()
 9 SYSTEMPATH\Boot.php(68): CodeIgniter\Boot::runCodeIgniter(Object(CodeIgniter\CodeIgniter))
10 FCPATH\index.php(59): CodeIgniter\Boot::bootWeb(Object(Config\Paths))
11 SYSTEMPATH\rewrite.php(44): require_once('C:\\Program Files\\Ampps\\www\\new-quality-patrol\\public\\index.php')
WARNING - 2026-01-12 09:12:03 --> [DEPRECATED] Function strftime() is deprecated in APPPATH\Views\users\temuan_patrol.php on line 685.
 1 SYSTEMPATH\View\View.php(226): include('C:\\Program Files\\Ampps\\www\\new-quality-patrol\\app\\Views\\users\\temuan_patrol.php')
 2 SYSTEMPATH\View\View.php(229): CodeIgniter\View\View->CodeIgniter\View\{closure}()
 3 SYSTEMPATH\Common.php(1167): CodeIgniter\View\View->render('users/temuan_patrol', [], true)
 4 APPPATH\Controllers\Temuan_patrol.php(45): view('users/temuan_patrol', [...])
 5 SYSTEMPATH\CodeIgniter.php(933): App\Controllers\Temuan_patrol->index()
 6 SYSTEMPATH\CodeIgniter.php(507): CodeIgniter\CodeIgniter->runController(Object(App\Controllers\Temuan_patrol))
 7 SYSTEMPATH\CodeIgniter.php(354): CodeIgniter\CodeIgniter->handleRequest(null, Object(Config\Cache), false)
 8 SYSTEMPATH\Boot.php(363): CodeIgniter\CodeIgniter->run()
 9 SYSTEMPATH\Boot.php(68): CodeIgniter\Boot::runCodeIgniter(Object(CodeIgniter\CodeIgniter))
10 FCPATH\index.php(59): CodeIgniter\Boot::bootWeb(Object(Config\Paths))
11 SYSTEMPATH\rewrite.php(44): require_once('C:\\Program Files\\Ampps\\www\\new-quality-patrol\\public\\index.php')
WARNING - 2026-01-12 09:12:03 --> [DEPRECATED] Function strftime() is deprecated in APPPATH\Views\users\temuan_patrol.php on line 685.
 1 SYSTEMPATH\View\View.php(226): include('C:\\Program Files\\Ampps\\www\\new-quality-patrol\\app\\Views\\users\\temuan_patrol.php')
 2 SYSTEMPATH\View\View.php(229): CodeIgniter\View\View->CodeIgniter\View\{closure}()
 3 SYSTEMPATH\Common.php(1167): CodeIgniter\View\View->render('users/temuan_patrol', [], true)
 4 APPPATH\Controllers\Temuan_patrol.php(45): view('users/temuan_patrol', [...])
 5 SYSTEMPATH\CodeIgniter.php(933): App\Controllers\Temuan_patrol->index()
 6 SYSTEMPATH\CodeIgniter.php(507): CodeIgniter\CodeIgniter->runController(Object(App\Controllers\Temuan_patrol))
 7 SYSTEMPATH\CodeIgniter.php(354): CodeIgniter\CodeIgniter->handleRequest(null, Object(Config\Cache), false)
 8 SYSTEMPATH\Boot.php(363): CodeIgniter\CodeIgniter->run()
 9 SYSTEMPATH\Boot.php(68): CodeIgniter\Boot::runCodeIgniter(Object(CodeIgniter\CodeIgniter))
10 FCPATH\index.php(59): CodeIgniter\Boot::bootWeb(Object(Config\Paths))
11 SYSTEMPATH\rewrite.php(44): require_once('C:\\Program Files\\Ampps\\www\\new-quality-patrol\\public\\index.php')
DEBUG - 2026-01-12 09:15:07 --> Session: Class initialized using 'CodeIgniter\Session\Handlers\FileHandler' driver.
WARNING - 2026-01-12 09:15:08 --> [DEPRECATED] Function strftime() is deprecated in APPPATH\Views\users\temuan_patrol.php on line 685.
 1 SYSTEMPATH\View\View.php(226): include('C:\\Program Files\\Ampps\\www\\new-quality-patrol\\app\\Views\\users\\temuan_patrol.php')
 2 SYSTEMPATH\View\View.php(229): CodeIgniter\View\View->CodeIgniter\View\{closure}()
 3 SYSTEMPATH\Common.php(1167): CodeIgniter\View\View->render('users/temuan_patrol', [], true)
 4 APPPATH\Controllers\Temuan_patrol.php(45): view('users/temuan_patrol', [...])
 5 SYSTEMPATH\CodeIgniter.php(933): App\Controllers\Temuan_patrol->index()
 6 SYSTEMPATH\CodeIgniter.php(507): CodeIgniter\CodeIgniter->runController(Object(App\Controllers\Temuan_patrol))
 7 SYSTEMPATH\CodeIgniter.php(354): CodeIgniter\CodeIgniter->handleRequest(null, Object(Config\Cache), false)
 8 SYSTEMPATH\Boot.php(363): CodeIgniter\CodeIgniter->run()
 9 SYSTEMPATH\Boot.php(68): CodeIgniter\Boot::runCodeIgniter(Object(CodeIgniter\CodeIgniter))
10 FCPATH\index.php(59): CodeIgniter\Boot::bootWeb(Object(Config\Paths))
11 SYSTEMPATH\rewrite.php(44): require_once('C:\\Program Files\\Ampps\\www\\new-quality-patrol\\public\\index.php')
WARNING - 2026-01-12 09:15:08 --> [DEPRECATED] Function strftime() is deprecated in APPPATH\Views\users\temuan_patrol.php on line 685.
 1 SYSTEMPATH\View\View.php(226): include('C:\\Program Files\\Ampps\\www\\new-quality-patrol\\app\\Views\\users\\temuan_patrol.php')
 2 SYSTEMPATH\View\View.php(229): CodeIgniter\View\View->CodeIgniter\View\{closure}()
 3 SYSTEMPATH\Common.php(1167): CodeIgniter\View\View->render('users/temuan_patrol', [], true)
 4 APPPATH\Controllers\Temuan_patrol.php(45): view('users/temuan_patrol', [...])
 5 SYSTEMPATH\CodeIgniter.php(933): App\Controllers\Temuan_patrol->index()
 6 SYSTEMPATH\CodeIgniter.php(507): CodeIgniter\CodeIgniter->runController(Object(App\Controllers\Temuan_patrol))
 7 SYSTEMPATH\CodeIgniter.php(354): CodeIgniter\CodeIgniter->handleRequest(null, Object(Config\Cache), false)
 8 SYSTEMPATH\Boot.php(363): CodeIgniter\CodeIgniter->run()
 9 SYSTEMPATH\Boot.php(68): CodeIgniter\Boot::runCodeIgniter(Object(CodeIgniter\CodeIgniter))
10 FCPATH\index.php(59): CodeIgniter\Boot::bootWeb(Object(Config\Paths))
11 SYSTEMPATH\rewrite.php(44): require_once('C:\\Program Files\\Ampps\\www\\new-quality-patrol\\public\\index.php')
WARNING - 2026-01-12 09:15:08 --> [DEPRECATED] Function strftime() is deprecated in APPPATH\Views\users\temuan_patrol.php on line 685.
 1 SYSTEMPATH\View\View.php(226): include('C:\\Program Files\\Ampps\\www\\new-quality-patrol\\app\\Views\\users\\temuan_patrol.php')
 2 SYSTEMPATH\View\View.php(229): CodeIgniter\View\View->CodeIgniter\View\{closure}()
 3 SYSTEMPATH\Common.php(1167): CodeIgniter\View\View->render('users/temuan_patrol', [], true)
 4 APPPATH\Controllers\Temuan_patrol.php(45): view('users/temuan_patrol', [...])
 5 SYSTEMPATH\CodeIgniter.php(933): App\Controllers\Temuan_patrol->index()
 6 SYSTEMPATH\CodeIgniter.php(507): CodeIgniter\CodeIgniter->runController(Object(App\Controllers\Temuan_patrol))
 7 SYSTEMPATH\CodeIgniter.php(354): CodeIgniter\CodeIgniter->handleRequest(null, Object(Config\Cache), false)
 8 SYSTEMPATH\Boot.php(363): CodeIgniter\CodeIgniter->run()
 9 SYSTEMPATH\Boot.php(68): CodeIgniter\Boot::runCodeIgniter(Object(CodeIgniter\CodeIgniter))
10 FCPATH\index.php(59): CodeIgniter\Boot::bootWeb(Object(Config\Paths))
11 SYSTEMPATH\rewrite.php(44): require_once('C:\\Program Files\\Ampps\\www\\new-quality-patrol\\public\\index.php')
DEBUG - 2026-01-12 09:15:10 --> Session: Class initialized using 'CodeIgniter\Session\Handlers\FileHandler' driver.
DEBUG - 2026-01-12 09:15:13 --> Session: Class initialized using 'CodeIgniter\Session\Handlers\FileHandler' driver.
DEBUG - 2026-01-12 09:15:15 --> Session: Class initialized using 'CodeIgniter\Session\Handlers\FileHandler' driver.
DEBUG - 2026-01-12 09:15:16 --> Session: Class initialized using 'CodeIgniter\Session\Handlers\FileHandler' driver.
WARNING - 2026-01-12 09:15:16 --> [DEPRECATED] Function strftime() is deprecated in APPPATH\Views\users\temuan_patrol.php on line 685.
 1 SYSTEMPATH\View\View.php(226): include('C:\\Program Files\\Ampps\\www\\new-quality-patrol\\app\\Views\\users\\temuan_patrol.php')
 2 SYSTEMPATH\View\View.php(229): CodeIgniter\View\View->CodeIgniter\View\{closure}()
 3 SYSTEMPATH\Common.php(1167): CodeIgniter\View\View->render('users/temuan_patrol', [], true)
 4 APPPATH\Controllers\Temuan_patrol.php(45): view('users/temuan_patrol', [...])
 5 SYSTEMPATH\CodeIgniter.php(933): App\Controllers\Temuan_patrol->index()
 6 SYSTEMPATH\CodeIgniter.php(507): CodeIgniter\CodeIgniter->runController(Object(App\Controllers\Temuan_patrol))
 7 SYSTEMPATH\CodeIgniter.php(354): CodeIgniter\CodeIgniter->handleRequest(null, Object(Config\Cache), false)
 8 SYSTEMPATH\Boot.php(363): CodeIgniter\CodeIgniter->run()
 9 SYSTEMPATH\Boot.php(68): CodeIgniter\Boot::runCodeIgniter(Object(CodeIgniter\CodeIgniter))
10 FCPATH\index.php(59): CodeIgniter\Boot::bootWeb(Object(Config\Paths))
11 SYSTEMPATH\rewrite.php(44): require_once('C:\\Program Files\\Ampps\\www\\new-quality-patrol\\public\\index.php')
WARNING - 2026-01-12 09:15:16 --> [DEPRECATED] Function strftime() is deprecated in APPPATH\Views\users\temuan_patrol.php on line 685.
 1 SYSTEMPATH\View\View.php(226): include('C:\\Program Files\\Ampps\\www\\new-quality-patrol\\app\\Views\\users\\temuan_patrol.php')
 2 SYSTEMPATH\View\View.php(229): CodeIgniter\View\View->CodeIgniter\View\{closure}()
 3 SYSTEMPATH\Common.php(1167): CodeIgniter\View\View->render('users/temuan_patrol', [], true)
 4 APPPATH\Controllers\Temuan_patrol.php(45): view('users/temuan_patrol', [...])
 5 SYSTEMPATH\CodeIgniter.php(933): App\Controllers\Temuan_patrol->index()
 6 SYSTEMPATH\CodeIgniter.php(507): CodeIgniter\CodeIgniter->runController(Object(App\Controllers\Temuan_patrol))
 7 SYSTEMPATH\CodeIgniter.php(354): CodeIgniter\CodeIgniter->handleRequest(null, Object(Config\Cache), false)
 8 SYSTEMPATH\Boot.php(363): CodeIgniter\CodeIgniter->run()
 9 SYSTEMPATH\Boot.php(68): CodeIgniter\Boot::runCodeIgniter(Object(CodeIgniter\CodeIgniter))
10 FCPATH\index.php(59): CodeIgniter\Boot::bootWeb(Object(Config\Paths))
11 SYSTEMPATH\rewrite.php(44): require_once('C:\\Program Files\\Ampps\\www\\new-quality-patrol\\public\\index.php')
WARNING - 2026-01-12 09:15:16 --> [DEPRECATED] Function strftime() is deprecated in APPPATH\Views\users\temuan_patrol.php on line 685.
 1 SYSTEMPATH\View\View.php(226): include('C:\\Program Files\\Ampps\\www\\new-quality-patrol\\app\\Views\\users\\temuan_patrol.php')
 2 SYSTEMPATH\View\View.php(229): CodeIgniter\View\View->CodeIgniter\View\{closure}()
 3 SYSTEMPATH\Common.php(1167): CodeIgniter\View\View->render('users/temuan_patrol', [], true)
 4 APPPATH\Controllers\Temuan_patrol.php(45): view('users/temuan_patrol', [...])
 5 SYSTEMPATH\CodeIgniter.php(933): App\Controllers\Temuan_patrol->index()
 6 SYSTEMPATH\CodeIgniter.php(507): CodeIgniter\CodeIgniter->runController(Object(App\Controllers\Temuan_patrol))
 7 SYSTEMPATH\CodeIgniter.php(354): CodeIgniter\CodeIgniter->handleRequest(null, Object(Config\Cache), false)
 8 SYSTEMPATH\Boot.php(363): CodeIgniter\CodeIgniter->run()
 9 SYSTEMPATH\Boot.php(68): CodeIgniter\Boot::runCodeIgniter(Object(CodeIgniter\CodeIgniter))
10 FCPATH\index.php(59): CodeIgniter\Boot::bootWeb(Object(Config\Paths))
11 SYSTEMPATH\rewrite.php(44): require_once('C:\\Program Files\\Ampps\\www\\new-quality-patrol\\public\\index.php')
DEBUG - 2026-01-12 09:15:17 --> Session: Class initialized using 'CodeIgniter\Session\Handlers\FileHandler' driver.
DEBUG - 2026-01-12 09:19:34 --> Session: Class initialized using 'CodeIgniter\Session\Handlers\FileHandler' driver.
WARNING - 2026-01-12 09:19:34 --> [DEPRECATED] Function strftime() is deprecated in APPPATH\Views\users\temuan_patrol.php on line 685.
 1 SYSTEMPATH\View\View.php(226): include('C:\\Program Files\\Ampps\\www\\new-quality-patrol\\app\\Views\\users\\temuan_patrol.php')
 2 SYSTEMPATH\View\View.php(229): CodeIgniter\View\View->CodeIgniter\View\{closure}()
 3 SYSTEMPATH\Common.php(1167): CodeIgniter\View\View->render('users/temuan_patrol', [], true)
 4 APPPATH\Controllers\Temuan_patrol.php(45): view('users/temuan_patrol', [...])
 5 SYSTEMPATH\CodeIgniter.php(933): App\Controllers\Temuan_patrol->index()
 6 SYSTEMPATH\CodeIgniter.php(507): CodeIgniter\CodeIgniter->runController(Object(App\Controllers\Temuan_patrol))
 7 SYSTEMPATH\CodeIgniter.php(354): CodeIgniter\CodeIgniter->handleRequest(null, Object(Config\Cache), false)
 8 SYSTEMPATH\Boot.php(363): CodeIgniter\CodeIgniter->run()
 9 SYSTEMPATH\Boot.php(68): CodeIgniter\Boot::runCodeIgniter(Object(CodeIgniter\CodeIgniter))
10 FCPATH\index.php(59): CodeIgniter\Boot::bootWeb(Object(Config\Paths))
11 SYSTEMPATH\rewrite.php(44): require_once('C:\\Program Files\\Ampps\\www\\new-quality-patrol\\public\\index.php')
WARNING - 2026-01-12 09:19:34 --> [DEPRECATED] Function strftime() is deprecated in APPPATH\Views\users\temuan_patrol.php on line 685.
 1 SYSTEMPATH\View\View.php(226): include('C:\\Program Files\\Ampps\\www\\new-quality-patrol\\app\\Views\\users\\temuan_patrol.php')
 2 SYSTEMPATH\View\View.php(229): CodeIgniter\View\View->CodeIgniter\View\{closure}()
 3 SYSTEMPATH\Common.php(1167): CodeIgniter\View\View->render('users/temuan_patrol', [], true)
 4 APPPATH\Controllers\Temuan_patrol.php(45): view('users/temuan_patrol', [...])
 5 SYSTEMPATH\CodeIgniter.php(933): App\Controllers\Temuan_patrol->index()
 6 SYSTEMPATH\CodeIgniter.php(507): CodeIgniter\CodeIgniter->runController(Object(App\Controllers\Temuan_patrol))
 7 SYSTEMPATH\CodeIgniter.php(354): CodeIgniter\CodeIgniter->handleRequest(null, Object(Config\Cache), false)
 8 SYSTEMPATH\Boot.php(363): CodeIgniter\CodeIgniter->run()
 9 SYSTEMPATH\Boot.php(68): CodeIgniter\Boot::runCodeIgniter(Object(CodeIgniter\CodeIgniter))
10 FCPATH\index.php(59): CodeIgniter\Boot::bootWeb(Object(Config\Paths))
11 SYSTEMPATH\rewrite.php(44): require_once('C:\\Program Files\\Ampps\\www\\new-quality-patrol\\public\\index.php')
WARNING - 2026-01-12 09:19:34 --> [DEPRECATED] Function strftime() is deprecated in APPPATH\Views\users\temuan_patrol.php on line 685.
 1 SYSTEMPATH\View\View.php(226): include('C:\\Program Files\\Ampps\\www\\new-quality-patrol\\app\\Views\\users\\temuan_patrol.php')
 2 SYSTEMPATH\View\View.php(229): CodeIgniter\View\View->CodeIgniter\View\{closure}()
 3 SYSTEMPATH\Common.php(1167): CodeIgniter\View\View->render('users/temuan_patrol', [], true)
 4 APPPATH\Controllers\Temuan_patrol.php(45): view('users/temuan_patrol', [...])
 5 SYSTEMPATH\CodeIgniter.php(933): App\Controllers\Temuan_patrol->index()
 6 SYSTEMPATH\CodeIgniter.php(507): CodeIgniter\CodeIgniter->runController(Object(App\Controllers\Temuan_patrol))
 7 SYSTEMPATH\CodeIgniter.php(354): CodeIgniter\CodeIgniter->handleRequest(null, Object(Config\Cache), false)
 8 SYSTEMPATH\Boot.php(363): CodeIgniter\CodeIgniter->run()
 9 SYSTEMPATH\Boot.php(68): CodeIgniter\Boot::runCodeIgniter(Object(CodeIgniter\CodeIgniter))
10 FCPATH\index.php(59): CodeIgniter\Boot::bootWeb(Object(Config\Paths))
11 SYSTEMPATH\rewrite.php(44): require_once('C:\\Program Files\\Ampps\\www\\new-quality-patrol\\public\\index.php')
DEBUG - 2026-01-12 09:19:36 --> Session: Class initialized using 'CodeIgniter\Session\Handlers\FileHandler' driver.
DEBUG - 2026-01-12 09:19:38 --> Session: Class initialized using 'CodeIgniter\Session\Handlers\FileHandler' driver.
DEBUG - 2026-01-12 09:19:46 --> Session: Class initialized using 'CodeIgniter\Session\Handlers\FileHandler' driver.
DEBUG - 2026-01-12 09:19:47 --> Session: Class initialized using 'CodeIgniter\Session\Handlers\FileHandler' driver.
WARNING - 2026-01-12 09:19:47 --> [DEPRECATED] Function strftime() is deprecated in APPPATH\Views\users\temuan_patrol.php on line 685.
 1 SYSTEMPATH\View\View.php(226): include('C:\\Program Files\\Ampps\\www\\new-quality-patrol\\app\\Views\\users\\temuan_patrol.php')
 2 SYSTEMPATH\View\View.php(229): CodeIgniter\View\View->CodeIgniter\View\{closure}()
 3 SYSTEMPATH\Common.php(1167): CodeIgniter\View\View->render('users/temuan_patrol', [], true)
 4 APPPATH\Controllers\Temuan_patrol.php(45): view('users/temuan_patrol', [...])
 5 SYSTEMPATH\CodeIgniter.php(933): App\Controllers\Temuan_patrol->index()
 6 SYSTEMPATH\CodeIgniter.php(507): CodeIgniter\CodeIgniter->runController(Object(App\Controllers\Temuan_patrol))
 7 SYSTEMPATH\CodeIgniter.php(354): CodeIgniter\CodeIgniter->handleRequest(null, Object(Config\Cache), false)
 8 SYSTEMPATH\Boot.php(363): CodeIgniter\CodeIgniter->run()
 9 SYSTEMPATH\Boot.php(68): CodeIgniter\Boot::runCodeIgniter(Object(CodeIgniter\CodeIgniter))
10 FCPATH\index.php(59): CodeIgniter\Boot::bootWeb(Object(Config\Paths))
11 SYSTEMPATH\rewrite.php(44): require_once('C:\\Program Files\\Ampps\\www\\new-quality-patrol\\public\\index.php')
WARNING - 2026-01-12 09:19:47 --> [DEPRECATED] Function strftime() is deprecated in APPPATH\Views\users\temuan_patrol.php on line 685.
 1 SYSTEMPATH\View\View.php(226): include('C:\\Program Files\\Ampps\\www\\new-quality-patrol\\app\\Views\\users\\temuan_patrol.php')
 2 SYSTEMPATH\View\View.php(229): CodeIgniter\View\View->CodeIgniter\View\{closure}()
 3 SYSTEMPATH\Common.php(1167): CodeIgniter\View\View->render('users/temuan_patrol', [], true)
 4 APPPATH\Controllers\Temuan_patrol.php(45): view('users/temuan_patrol', [...])
 5 SYSTEMPATH\CodeIgniter.php(933): App\Controllers\Temuan_patrol->index()
 6 SYSTEMPATH\CodeIgniter.php(507): CodeIgniter\CodeIgniter->runController(Object(App\Controllers\Temuan_patrol))
 7 SYSTEMPATH\CodeIgniter.php(354): CodeIgniter\CodeIgniter->handleRequest(null, Object(Config\Cache), false)
 8 SYSTEMPATH\Boot.php(363): CodeIgniter\CodeIgniter->run()
 9 SYSTEMPATH\Boot.php(68): CodeIgniter\Boot::runCodeIgniter(Object(CodeIgniter\CodeIgniter))
10 FCPATH\index.php(59): CodeIgniter\Boot::bootWeb(Object(Config\Paths))
11 SYSTEMPATH\rewrite.php(44): require_once('C:\\Program Files\\Ampps\\www\\new-quality-patrol\\public\\index.php')
WARNING - 2026-01-12 09:19:47 --> [DEPRECATED] Function strftime() is deprecated in APPPATH\Views\users\temuan_patrol.php on line 685.
 1 SYSTEMPATH\View\View.php(226): include('C:\\Program Files\\Ampps\\www\\new-quality-patrol\\app\\Views\\users\\temuan_patrol.php')
 2 SYSTEMPATH\View\View.php(229): CodeIgniter\View\View->CodeIgniter\View\{closure}()
 3 SYSTEMPATH\Common.php(1167): CodeIgniter\View\View->render('users/temuan_patrol', [], true)
 4 APPPATH\Controllers\Temuan_patrol.php(45): view('users/temuan_patrol', [...])
 5 SYSTEMPATH\CodeIgniter.php(933): App\Controllers\Temuan_patrol->index()
 6 SYSTEMPATH\CodeIgniter.php(507): CodeIgniter\CodeIgniter->runController(Object(App\Controllers\Temuan_patrol))
 7 SYSTEMPATH\CodeIgniter.php(354): CodeIgniter\CodeIgniter->handleRequest(null, Object(Config\Cache), false)
 8 SYSTEMPATH\Boot.php(363): CodeIgniter\CodeIgniter->run()
 9 SYSTEMPATH\Boot.php(68): CodeIgniter\Boot::runCodeIgniter(Object(CodeIgniter\CodeIgniter))
10 FCPATH\index.php(59): CodeIgniter\Boot::bootWeb(Object(Config\Paths))
11 SYSTEMPATH\rewrite.php(44): require_once('C:\\Program Files\\Ampps\\www\\new-quality-patrol\\public\\index.php')
DEBUG - 2026-01-12 09:19:50 --> Session: Class initialized using 'CodeIgniter\Session\Handlers\FileHandler' driver.
DEBUG - 2026-01-12 09:21:58 --> Session: Class initialized using 'CodeIgniter\Session\Handlers\FileHandler' driver.
DEBUG - 2026-01-12 09:22:42 --> Session: Class initialized using 'CodeIgniter\Session\Handlers\FileHandler' driver.
WARNING - 2026-01-12 09:22:42 --> [DEPRECATED] Function strftime() is deprecated in APPPATH\Views\users\temuan_patrol.php on line 685.
 1 SYSTEMPATH\View\View.php(226): include('C:\\Program Files\\Ampps\\www\\new-quality-patrol\\app\\Views\\users\\temuan_patrol.php')
 2 SYSTEMPATH\View\View.php(229): CodeIgniter\View\View->CodeIgniter\View\{closure}()
 3 SYSTEMPATH\Common.php(1167): CodeIgniter\View\View->render('users/temuan_patrol', [], true)
 4 APPPATH\Controllers\Temuan_patrol.php(45): view('users/temuan_patrol', [...])
 5 SYSTEMPATH\CodeIgniter.php(933): App\Controllers\Temuan_patrol->index()
 6 SYSTEMPATH\CodeIgniter.php(507): CodeIgniter\CodeIgniter->runController(Object(App\Controllers\Temuan_patrol))
 7 SYSTEMPATH\CodeIgniter.php(354): CodeIgniter\CodeIgniter->handleRequest(null, Object(Config\Cache), false)
 8 SYSTEMPATH\Boot.php(363): CodeIgniter\CodeIgniter->run()
 9 SYSTEMPATH\Boot.php(68): CodeIgniter\Boot::runCodeIgniter(Object(CodeIgniter\CodeIgniter))
10 FCPATH\index.php(59): CodeIgniter\Boot::bootWeb(Object(Config\Paths))
11 SYSTEMPATH\rewrite.php(44): require_once('C:\\Program Files\\Ampps\\www\\new-quality-patrol\\public\\index.php')
WARNING - 2026-01-12 09:22:42 --> [DEPRECATED] Function strftime() is deprecated in APPPATH\Views\users\temuan_patrol.php on line 685.
 1 SYSTEMPATH\View\View.php(226): include('C:\\Program Files\\Ampps\\www\\new-quality-patrol\\app\\Views\\users\\temuan_patrol.php')
 2 SYSTEMPATH\View\View.php(229): CodeIgniter\View\View->CodeIgniter\View\{closure}()
 3 SYSTEMPATH\Common.php(1167): CodeIgniter\View\View->render('users/temuan_patrol', [], true)
 4 APPPATH\Controllers\Temuan_patrol.php(45): view('users/temuan_patrol', [...])
 5 SYSTEMPATH\CodeIgniter.php(933): App\Controllers\Temuan_patrol->index()
 6 SYSTEMPATH\CodeIgniter.php(507): CodeIgniter\CodeIgniter->runController(Object(App\Controllers\Temuan_patrol))
 7 SYSTEMPATH\CodeIgniter.php(354): CodeIgniter\CodeIgniter->handleRequest(null, Object(Config\Cache), false)
 8 SYSTEMPATH\Boot.php(363): CodeIgniter\CodeIgniter->run()
 9 SYSTEMPATH\Boot.php(68): CodeIgniter\Boot::runCodeIgniter(Object(CodeIgniter\CodeIgniter))
10 FCPATH\index.php(59): CodeIgniter\Boot::bootWeb(Object(Config\Paths))
11 SYSTEMPATH\rewrite.php(44): require_once('C:\\Program Files\\Ampps\\www\\new-quality-patrol\\public\\index.php')
WARNING - 2026-01-12 09:22:42 --> [DEPRECATED] Function strftime() is deprecated in APPPATH\Views\users\temuan_patrol.php on line 685.
 1 SYSTEMPATH\View\View.php(226): include('C:\\Program Files\\Ampps\\www\\new-quality-patrol\\app\\Views\\users\\temuan_patrol.php')
 2 SYSTEMPATH\View\View.php(229): CodeIgniter\View\View->CodeIgniter\View\{closure}()
 3 SYSTEMPATH\Common.php(1167): CodeIgniter\View\View->render('users/temuan_patrol', [], true)
 4 APPPATH\Controllers\Temuan_patrol.php(45): view('users/temuan_patrol', [...])
 5 SYSTEMPATH\CodeIgniter.php(933): App\Controllers\Temuan_patrol->index()
 6 SYSTEMPATH\CodeIgniter.php(507): CodeIgniter\CodeIgniter->runController(Object(App\Controllers\Temuan_patrol))
 7 SYSTEMPATH\CodeIgniter.php(354): CodeIgniter\CodeIgniter->handleRequest(null, Object(Config\Cache), false)
 8 SYSTEMPATH\Boot.php(363): CodeIgniter\CodeIgniter->run()
 9 SYSTEMPATH\Boot.php(68): CodeIgniter\Boot::runCodeIgniter(Object(CodeIgniter\CodeIgniter))
10 FCPATH\index.php(59): CodeIgniter\Boot::bootWeb(Object(Config\Paths))
11 SYSTEMPATH\rewrite.php(44): require_once('C:\\Program Files\\Ampps\\www\\new-quality-patrol\\public\\index.php')
DEBUG - 2026-01-12 09:22:44 --> Session: Class initialized using 'CodeIgniter\Session\Handlers\FileHandler' driver.
DEBUG - 2026-01-12 09:22:52 --> Session: Class initialized using 'CodeIgniter\Session\Handlers\FileHandler' driver.
WARNING - 2026-01-12 09:22:52 --> [DEPRECATED] Function strftime() is deprecated in APPPATH\Views\users\temuan_patrol.php on line 685.
 1 SYSTEMPATH\View\View.php(226): include('C:\\Program Files\\Ampps\\www\\new-quality-patrol\\app\\Views\\users\\temuan_patrol.php')
 2 SYSTEMPATH\View\View.php(229): CodeIgniter\View\View->CodeIgniter\View\{closure}()
 3 SYSTEMPATH\Common.php(1167): CodeIgniter\View\View->render('users/temuan_patrol', [], true)
 4 APPPATH\Controllers\Temuan_patrol.php(45): view('users/temuan_patrol', [...])
 5 SYSTEMPATH\CodeIgniter.php(933): App\Controllers\Temuan_patrol->index()
 6 SYSTEMPATH\CodeIgniter.php(507): CodeIgniter\CodeIgniter->runController(Object(App\Controllers\Temuan_patrol))
 7 SYSTEMPATH\CodeIgniter.php(354): CodeIgniter\CodeIgniter->handleRequest(null, Object(Config\Cache), false)
 8 SYSTEMPATH\Boot.php(363): CodeIgniter\CodeIgniter->run()
 9 SYSTEMPATH\Boot.php(68): CodeIgniter\Boot::runCodeIgniter(Object(CodeIgniter\CodeIgniter))
10 FCPATH\index.php(59): CodeIgniter\Boot::bootWeb(Object(Config\Paths))
11 SYSTEMPATH\rewrite.php(44): require_once('C:\\Program Files\\Ampps\\www\\new-quality-patrol\\public\\index.php')
WARNING - 2026-01-12 09:22:52 --> [DEPRECATED] Function strftime() is deprecated in APPPATH\Views\users\temuan_patrol.php on line 685.
 1 SYSTEMPATH\View\View.php(226): include('C:\\Program Files\\Ampps\\www\\new-quality-patrol\\app\\Views\\users\\temuan_patrol.php')
 2 SYSTEMPATH\View\View.php(229): CodeIgniter\View\View->CodeIgniter\View\{closure}()
 3 SYSTEMPATH\Common.php(1167): CodeIgniter\View\View->render('users/temuan_patrol', [], true)
 4 APPPATH\Controllers\Temuan_patrol.php(45): view('users/temuan_patrol', [...])
 5 SYSTEMPATH\CodeIgniter.php(933): App\Controllers\Temuan_patrol->index()
 6 SYSTEMPATH\CodeIgniter.php(507): CodeIgniter\CodeIgniter->runController(Object(App\Controllers\Temuan_patrol))
 7 SYSTEMPATH\CodeIgniter.php(354): CodeIgniter\CodeIgniter->handleRequest(null, Object(Config\Cache), false)
 8 SYSTEMPATH\Boot.php(363): CodeIgniter\CodeIgniter->run()
 9 SYSTEMPATH\Boot.php(68): CodeIgniter\Boot::runCodeIgniter(Object(CodeIgniter\CodeIgniter))
10 FCPATH\index.php(59): CodeIgniter\Boot::bootWeb(Object(Config\Paths))
11 SYSTEMPATH\rewrite.php(44): require_once('C:\\Program Files\\Ampps\\www\\new-quality-patrol\\public\\index.php')
WARNING - 2026-01-12 09:22:52 --> [DEPRECATED] Function strftime() is deprecated in APPPATH\Views\users\temuan_patrol.php on line 685.
 1 SYSTEMPATH\View\View.php(226): include('C:\\Program Files\\Ampps\\www\\new-quality-patrol\\app\\Views\\users\\temuan_patrol.php')
 2 SYSTEMPATH\View\View.php(229): CodeIgniter\View\View->CodeIgniter\View\{closure}()
 3 SYSTEMPATH\Common.php(1167): CodeIgniter\View\View->render('users/temuan_patrol', [], true)
 4 APPPATH\Controllers\Temuan_patrol.php(45): view('users/temuan_patrol', [...])
 5 SYSTEMPATH\CodeIgniter.php(933): App\Controllers\Temuan_patrol->index()
 6 SYSTEMPATH\CodeIgniter.php(507): CodeIgniter\CodeIgniter->runController(Object(App\Controllers\Temuan_patrol))
 7 SYSTEMPATH\CodeIgniter.php(354): CodeIgniter\CodeIgniter->handleRequest(null, Object(Config\Cache), false)
 8 SYSTEMPATH\Boot.php(363): CodeIgniter\CodeIgniter->run()
 9 SYSTEMPATH\Boot.php(68): CodeIgniter\Boot::runCodeIgniter(Object(CodeIgniter\CodeIgniter))
10 FCPATH\index.php(59): CodeIgniter\Boot::bootWeb(Object(Config\Paths))
11 SYSTEMPATH\rewrite.php(44): require_once('C:\\Program Files\\Ampps\\www\\new-quality-patrol\\public\\index.php')
DEBUG - 2026-01-12 09:22:53 --> Session: Class initialized using 'CodeIgniter\Session\Handlers\FileHandler' driver.
DEBUG - 2026-01-12 09:23:12 --> Session: Class initialized using 'CodeIgniter\Session\Handlers\FileHandler' driver.
DEBUG - 2026-01-12 09:23:14 --> Session: Class initialized using 'CodeIgniter\Session\Handlers\FileHandler' driver.
WARNING - 2026-01-12 09:23:14 --> [DEPRECATED] Function strftime() is deprecated in APPPATH\Views\users\temuan_patrol.php on line 685.
 1 SYSTEMPATH\View\View.php(226): include('C:\\Program Files\\Ampps\\www\\new-quality-patrol\\app\\Views\\users\\temuan_patrol.php')
 2 SYSTEMPATH\View\View.php(229): CodeIgniter\View\View->CodeIgniter\View\{closure}()
 3 SYSTEMPATH\Common.php(1167): CodeIgniter\View\View->render('users/temuan_patrol', [], true)
 4 APPPATH\Controllers\Temuan_patrol.php(45): view('users/temuan_patrol', [...])
 5 SYSTEMPATH\CodeIgniter.php(933): App\Controllers\Temuan_patrol->index()
 6 SYSTEMPATH\CodeIgniter.php(507): CodeIgniter\CodeIgniter->runController(Object(App\Controllers\Temuan_patrol))
 7 SYSTEMPATH\CodeIgniter.php(354): CodeIgniter\CodeIgniter->handleRequest(null, Object(Config\Cache), false)
 8 SYSTEMPATH\Boot.php(363): CodeIgniter\CodeIgniter->run()
 9 SYSTEMPATH\Boot.php(68): CodeIgniter\Boot::runCodeIgniter(Object(CodeIgniter\CodeIgniter))
10 FCPATH\index.php(59): CodeIgniter\Boot::bootWeb(Object(Config\Paths))
11 SYSTEMPATH\rewrite.php(44): require_once('C:\\Program Files\\Ampps\\www\\new-quality-patrol\\public\\index.php')
WARNING - 2026-01-12 09:23:14 --> [DEPRECATED] Function strftime() is deprecated in APPPATH\Views\users\temuan_patrol.php on line 685.
 1 SYSTEMPATH\View\View.php(226): include('C:\\Program Files\\Ampps\\www\\new-quality-patrol\\app\\Views\\users\\temuan_patrol.php')
 2 SYSTEMPATH\View\View.php(229): CodeIgniter\View\View->CodeIgniter\View\{closure}()
 3 SYSTEMPATH\Common.php(1167): CodeIgniter\View\View->render('users/temuan_patrol', [], true)
 4 APPPATH\Controllers\Temuan_patrol.php(45): view('users/temuan_patrol', [...])
 5 SYSTEMPATH\CodeIgniter.php(933): App\Controllers\Temuan_patrol->index()
 6 SYSTEMPATH\CodeIgniter.php(507): CodeIgniter\CodeIgniter->runController(Object(App\Controllers\Temuan_patrol))
 7 SYSTEMPATH\CodeIgniter.php(354): CodeIgniter\CodeIgniter->handleRequest(null, Object(Config\Cache), false)
 8 SYSTEMPATH\Boot.php(363): CodeIgniter\CodeIgniter->run()
 9 SYSTEMPATH\Boot.php(68): CodeIgniter\Boot::runCodeIgniter(Object(CodeIgniter\CodeIgniter))
10 FCPATH\index.php(59): CodeIgniter\Boot::bootWeb(Object(Config\Paths))
11 SYSTEMPATH\rewrite.php(44): require_once('C:\\Program Files\\Ampps\\www\\new-quality-patrol\\public\\index.php')
WARNING - 2026-01-12 09:23:14 --> [DEPRECATED] Function strftime() is deprecated in APPPATH\Views\users\temuan_patrol.php on line 685.
 1 SYSTEMPATH\View\View.php(226): include('C:\\Program Files\\Ampps\\www\\new-quality-patrol\\app\\Views\\users\\temuan_patrol.php')
 2 SYSTEMPATH\View\View.php(229): CodeIgniter\View\View->CodeIgniter\View\{closure}()
 3 SYSTEMPATH\Common.php(1167): CodeIgniter\View\View->render('users/temuan_patrol', [], true)
 4 APPPATH\Controllers\Temuan_patrol.php(45): view('users/temuan_patrol', [...])
 5 SYSTEMPATH\CodeIgniter.php(933): App\Controllers\Temuan_patrol->index()
 6 SYSTEMPATH\CodeIgniter.php(507): CodeIgniter\CodeIgniter->runController(Object(App\Controllers\Temuan_patrol))
 7 SYSTEMPATH\CodeIgniter.php(354): CodeIgniter\CodeIgniter->handleRequest(null, Object(Config\Cache), false)
 8 SYSTEMPATH\Boot.php(363): CodeIgniter\CodeIgniter->run()
 9 SYSTEMPATH\Boot.php(68): CodeIgniter\Boot::runCodeIgniter(Object(CodeIgniter\CodeIgniter))
10 FCPATH\index.php(59): CodeIgniter\Boot::bootWeb(Object(Config\Paths))
11 SYSTEMPATH\rewrite.php(44): require_once('C:\\Program Files\\Ampps\\www\\new-quality-patrol\\public\\index.php')
DEBUG - 2026-01-12 09:23:15 --> Session: Class initialized using 'CodeIgniter\Session\Handlers\FileHandler' driver.
DEBUG - 2026-01-12 09:25:57 --> Session: Class initialized using 'CodeIgniter\Session\Handlers\FileHandler' driver.
DEBUG - 2026-01-12 09:26:03 --> Session: Class initialized using 'CodeIgniter\Session\Handlers\FileHandler' driver.
WARNING - 2026-01-12 09:26:03 --> [DEPRECATED] Function strftime() is deprecated in APPPATH\Views\users\temuan_patrol.php on line 685.
 1 SYSTEMPATH\View\View.php(226): include('C:\\Program Files\\Ampps\\www\\new-quality-patrol\\app\\Views\\users\\temuan_patrol.php')
 2 SYSTEMPATH\View\View.php(229): CodeIgniter\View\View->CodeIgniter\View\{closure}()
 3 SYSTEMPATH\Common.php(1167): CodeIgniter\View\View->render('users/temuan_patrol', [], true)
 4 APPPATH\Controllers\Temuan_patrol.php(45): view('users/temuan_patrol', [...])
 5 SYSTEMPATH\CodeIgniter.php(933): App\Controllers\Temuan_patrol->index()
 6 SYSTEMPATH\CodeIgniter.php(507): CodeIgniter\CodeIgniter->runController(Object(App\Controllers\Temuan_patrol))
 7 SYSTEMPATH\CodeIgniter.php(354): CodeIgniter\CodeIgniter->handleRequest(null, Object(Config\Cache), false)
 8 SYSTEMPATH\Boot.php(363): CodeIgniter\CodeIgniter->run()
 9 SYSTEMPATH\Boot.php(68): CodeIgniter\Boot::runCodeIgniter(Object(CodeIgniter\CodeIgniter))
10 FCPATH\index.php(59): CodeIgniter\Boot::bootWeb(Object(Config\Paths))
11 SYSTEMPATH\rewrite.php(44): require_once('C:\\Program Files\\Ampps\\www\\new-quality-patrol\\public\\index.php')
WARNING - 2026-01-12 09:26:03 --> [DEPRECATED] Function strftime() is deprecated in APPPATH\Views\users\temuan_patrol.php on line 685.
 1 SYSTEMPATH\View\View.php(226): include('C:\\Program Files\\Ampps\\www\\new-quality-patrol\\app\\Views\\users\\temuan_patrol.php')
 2 SYSTEMPATH\View\View.php(229): CodeIgniter\View\View->CodeIgniter\View\{closure}()
 3 SYSTEMPATH\Common.php(1167): CodeIgniter\View\View->render('users/temuan_patrol', [], true)
 4 APPPATH\Controllers\Temuan_patrol.php(45): view('users/temuan_patrol', [...])
 5 SYSTEMPATH\CodeIgniter.php(933): App\Controllers\Temuan_patrol->index()
 6 SYSTEMPATH\CodeIgniter.php(507): CodeIgniter\CodeIgniter->runController(Object(App\Controllers\Temuan_patrol))
 7 SYSTEMPATH\CodeIgniter.php(354): CodeIgniter\CodeIgniter->handleRequest(null, Object(Config\Cache), false)
 8 SYSTEMPATH\Boot.php(363): CodeIgniter\CodeIgniter->run()
 9 SYSTEMPATH\Boot.php(68): CodeIgniter\Boot::runCodeIgniter(Object(CodeIgniter\CodeIgniter))
10 FCPATH\index.php(59): CodeIgniter\Boot::bootWeb(Object(Config\Paths))
11 SYSTEMPATH\rewrite.php(44): require_once('C:\\Program Files\\Ampps\\www\\new-quality-patrol\\public\\index.php')
WARNING - 2026-01-12 09:26:03 --> [DEPRECATED] Function strftime() is deprecated in APPPATH\Views\users\temuan_patrol.php on line 685.
 1 SYSTEMPATH\View\View.php(226): include('C:\\Program Files\\Ampps\\www\\new-quality-patrol\\app\\Views\\users\\temuan_patrol.php')
 2 SYSTEMPATH\View\View.php(229): CodeIgniter\View\View->CodeIgniter\View\{closure}()
 3 SYSTEMPATH\Common.php(1167): CodeIgniter\View\View->render('users/temuan_patrol', [], true)
 4 APPPATH\Controllers\Temuan_patrol.php(45): view('users/temuan_patrol', [...])
 5 SYSTEMPATH\CodeIgniter.php(933): App\Controllers\Temuan_patrol->index()
 6 SYSTEMPATH\CodeIgniter.php(507): CodeIgniter\CodeIgniter->runController(Object(App\Controllers\Temuan_patrol))
 7 SYSTEMPATH\CodeIgniter.php(354): CodeIgniter\CodeIgniter->handleRequest(null, Object(Config\Cache), false)
 8 SYSTEMPATH\Boot.php(363): CodeIgniter\CodeIgniter->run()
 9 SYSTEMPATH\Boot.php(68): CodeIgniter\Boot::runCodeIgniter(Object(CodeIgniter\CodeIgniter))
10 FCPATH\index.php(59): CodeIgniter\Boot::bootWeb(Object(Config\Paths))
11 SYSTEMPATH\rewrite.php(44): require_once('C:\\Program Files\\Ampps\\www\\new-quality-patrol\\public\\index.php')
DEBUG - 2026-01-12 09:26:44 --> Session: Class initialized using 'CodeIgniter\Session\Handlers\FileHandler' driver.
DEBUG - 2026-01-12 09:27:05 --> Session: Class initialized using 'CodeIgniter\Session\Handlers\FileHandler' driver.
WARNING - 2026-01-12 09:27:05 --> [DEPRECATED] Function strftime() is deprecated in APPPATH\Views\users\temuan_patrol.php on line 685.
 1 SYSTEMPATH\View\View.php(226): include('C:\\Program Files\\Ampps\\www\\new-quality-patrol\\app\\Views\\users\\temuan_patrol.php')
 2 SYSTEMPATH\View\View.php(229): CodeIgniter\View\View->CodeIgniter\View\{closure}()
 3 SYSTEMPATH\Common.php(1167): CodeIgniter\View\View->render('users/temuan_patrol', [], true)
 4 APPPATH\Controllers\Temuan_patrol.php(45): view('users/temuan_patrol', [...])
 5 SYSTEMPATH\CodeIgniter.php(933): App\Controllers\Temuan_patrol->index()
 6 SYSTEMPATH\CodeIgniter.php(507): CodeIgniter\CodeIgniter->runController(Object(App\Controllers\Temuan_patrol))
 7 SYSTEMPATH\CodeIgniter.php(354): CodeIgniter\CodeIgniter->handleRequest(null, Object(Config\Cache), false)
 8 SYSTEMPATH\Boot.php(363): CodeIgniter\CodeIgniter->run()
 9 SYSTEMPATH\Boot.php(68): CodeIgniter\Boot::runCodeIgniter(Object(CodeIgniter\CodeIgniter))
10 FCPATH\index.php(59): CodeIgniter\Boot::bootWeb(Object(Config\Paths))
11 SYSTEMPATH\rewrite.php(44): require_once('C:\\Program Files\\Ampps\\www\\new-quality-patrol\\public\\index.php')
WARNING - 2026-01-12 09:27:05 --> [DEPRECATED] Function strftime() is deprecated in APPPATH\Views\users\temuan_patrol.php on line 685.
 1 SYSTEMPATH\View\View.php(226): include('C:\\Program Files\\Ampps\\www\\new-quality-patrol\\app\\Views\\users\\temuan_patrol.php')
 2 SYSTEMPATH\View\View.php(229): CodeIgniter\View\View->CodeIgniter\View\{closure}()
 3 SYSTEMPATH\Common.php(1167): CodeIgniter\View\View->render('users/temuan_patrol', [], true)
 4 APPPATH\Controllers\Temuan_patrol.php(45): view('users/temuan_patrol', [...])
 5 SYSTEMPATH\CodeIgniter.php(933): App\Controllers\Temuan_patrol->index()
 6 SYSTEMPATH\CodeIgniter.php(507): CodeIgniter\CodeIgniter->runController(Object(App\Controllers\Temuan_patrol))
 7 SYSTEMPATH\CodeIgniter.php(354): CodeIgniter\CodeIgniter->handleRequest(null, Object(Config\Cache), false)
 8 SYSTEMPATH\Boot.php(363): CodeIgniter\CodeIgniter->run()
 9 SYSTEMPATH\Boot.php(68): CodeIgniter\Boot::runCodeIgniter(Object(CodeIgniter\CodeIgniter))
10 FCPATH\index.php(59): CodeIgniter\Boot::bootWeb(Object(Config\Paths))
11 SYSTEMPATH\rewrite.php(44): require_once('C:\\Program Files\\Ampps\\www\\new-quality-patrol\\public\\index.php')
WARNING - 2026-01-12 09:27:05 --> [DEPRECATED] Function strftime() is deprecated in APPPATH\Views\users\temuan_patrol.php on line 685.
 1 SYSTEMPATH\View\View.php(226): include('C:\\Program Files\\Ampps\\www\\new-quality-patrol\\app\\Views\\users\\temuan_patrol.php')
 2 SYSTEMPATH\View\View.php(229): CodeIgniter\View\View->CodeIgniter\View\{closure}()
 3 SYSTEMPATH\Common.php(1167): CodeIgniter\View\View->render('users/temuan_patrol', [], true)
 4 APPPATH\Controllers\Temuan_patrol.php(45): view('users/temuan_patrol', [...])
 5 SYSTEMPATH\CodeIgniter.php(933): App\Controllers\Temuan_patrol->index()
 6 SYSTEMPATH\CodeIgniter.php(507): CodeIgniter\CodeIgniter->runController(Object(App\Controllers\Temuan_patrol))
 7 SYSTEMPATH\CodeIgniter.php(354): CodeIgniter\CodeIgniter->handleRequest(null, Object(Config\Cache), false)
 8 SYSTEMPATH\Boot.php(363): CodeIgniter\CodeIgniter->run()
 9 SYSTEMPATH\Boot.php(68): CodeIgniter\Boot::runCodeIgniter(Object(CodeIgniter\CodeIgniter))
10 FCPATH\index.php(59): CodeIgniter\Boot::bootWeb(Object(Config\Paths))
11 SYSTEMPATH\rewrite.php(44): require_once('C:\\Program Files\\Ampps\\www\\new-quality-patrol\\public\\index.php')
DEBUG - 2026-01-12 09:27:06 --> Session: Class initialized using 'CodeIgniter\Session\Handlers\FileHandler' driver.
DEBUG - 2026-01-12 09:27:17 --> Session: Class initialized using 'CodeIgniter\Session\Handlers\FileHandler' driver.
WARNING - 2026-01-12 09:27:17 --> [DEPRECATED] Function strftime() is deprecated in APPPATH\Views\users\temuan_patrol.php on line 685.
 1 SYSTEMPATH\View\View.php(226): include('C:\\Program Files\\Ampps\\www\\new-quality-patrol\\app\\Views\\users\\temuan_patrol.php')
 2 SYSTEMPATH\View\View.php(229): CodeIgniter\View\View->CodeIgniter\View\{closure}()
 3 SYSTEMPATH\Common.php(1167): CodeIgniter\View\View->render('users/temuan_patrol', [], true)
 4 APPPATH\Controllers\Temuan_patrol.php(45): view('users/temuan_patrol', [...])
 5 SYSTEMPATH\CodeIgniter.php(933): App\Controllers\Temuan_patrol->index()
 6 SYSTEMPATH\CodeIgniter.php(507): CodeIgniter\CodeIgniter->runController(Object(App\Controllers\Temuan_patrol))
 7 SYSTEMPATH\CodeIgniter.php(354): CodeIgniter\CodeIgniter->handleRequest(null, Object(Config\Cache), false)
 8 SYSTEMPATH\Boot.php(363): CodeIgniter\CodeIgniter->run()
 9 SYSTEMPATH\Boot.php(68): CodeIgniter\Boot::runCodeIgniter(Object(CodeIgniter\CodeIgniter))
10 FCPATH\index.php(59): CodeIgniter\Boot::bootWeb(Object(Config\Paths))
11 SYSTEMPATH\rewrite.php(44): require_once('C:\\Program Files\\Ampps\\www\\new-quality-patrol\\public\\index.php')
WARNING - 2026-01-12 09:27:17 --> [DEPRECATED] Function strftime() is deprecated in APPPATH\Views\users\temuan_patrol.php on line 685.
 1 SYSTEMPATH\View\View.php(226): include('C:\\Program Files\\Ampps\\www\\new-quality-patrol\\app\\Views\\users\\temuan_patrol.php')
 2 SYSTEMPATH\View\View.php(229): CodeIgniter\View\View->CodeIgniter\View\{closure}()
 3 SYSTEMPATH\Common.php(1167): CodeIgniter\View\View->render('users/temuan_patrol', [], true)
 4 APPPATH\Controllers\Temuan_patrol.php(45): view('users/temuan_patrol', [...])
 5 SYSTEMPATH\CodeIgniter.php(933): App\Controllers\Temuan_patrol->index()
 6 SYSTEMPATH\CodeIgniter.php(507): CodeIgniter\CodeIgniter->runController(Object(App\Controllers\Temuan_patrol))
 7 SYSTEMPATH\CodeIgniter.php(354): CodeIgniter\CodeIgniter->handleRequest(null, Object(Config\Cache), false)
 8 SYSTEMPATH\Boot.php(363): CodeIgniter\CodeIgniter->run()
 9 SYSTEMPATH\Boot.php(68): CodeIgniter\Boot::runCodeIgniter(Object(CodeIgniter\CodeIgniter))
10 FCPATH\index.php(59): CodeIgniter\Boot::bootWeb(Object(Config\Paths))
11 SYSTEMPATH\rewrite.php(44): require_once('C:\\Program Files\\Ampps\\www\\new-quality-patrol\\public\\index.php')
WARNING - 2026-01-12 09:27:17 --> [DEPRECATED] Function strftime() is deprecated in APPPATH\Views\users\temuan_patrol.php on line 685.
 1 SYSTEMPATH\View\View.php(226): include('C:\\Program Files\\Ampps\\www\\new-quality-patrol\\app\\Views\\users\\temuan_patrol.php')
 2 SYSTEMPATH\View\View.php(229): CodeIgniter\View\View->CodeIgniter\View\{closure}()
 3 SYSTEMPATH\Common.php(1167): CodeIgniter\View\View->render('users/temuan_patrol', [], true)
 4 APPPATH\Controllers\Temuan_patrol.php(45): view('users/temuan_patrol', [...])
 5 SYSTEMPATH\CodeIgniter.php(933): App\Controllers\Temuan_patrol->index()
 6 SYSTEMPATH\CodeIgniter.php(507): CodeIgniter\CodeIgniter->runController(Object(App\Controllers\Temuan_patrol))
 7 SYSTEMPATH\CodeIgniter.php(354): CodeIgniter\CodeIgniter->handleRequest(null, Object(Config\Cache), false)
 8 SYSTEMPATH\Boot.php(363): CodeIgniter\CodeIgniter->run()
 9 SYSTEMPATH\Boot.php(68): CodeIgniter\Boot::runCodeIgniter(Object(CodeIgniter\CodeIgniter))
10 FCPATH\index.php(59): CodeIgniter\Boot::bootWeb(Object(Config\Paths))
11 SYSTEMPATH\rewrite.php(44): require_once('C:\\Program Files\\Ampps\\www\\new-quality-patrol\\public\\index.php')
WARNING - 2026-01-12 09:27:17 --> [DEPRECATED] Function strftime() is deprecated in APPPATH\Views\users\temuan_patrol.php on line 685.
 1 SYSTEMPATH\View\View.php(226): include('C:\\Program Files\\Ampps\\www\\new-quality-patrol\\app\\Views\\users\\temuan_patrol.php')
 2 SYSTEMPATH\View\View.php(229): CodeIgniter\View\View->CodeIgniter\View\{closure}()
 3 SYSTEMPATH\Common.php(1167): CodeIgniter\View\View->render('users/temuan_patrol', [], true)
 4 APPPATH\Controllers\Temuan_patrol.php(45): view('users/temuan_patrol', [...])
 5 SYSTEMPATH\CodeIgniter.php(933): App\Controllers\Temuan_patrol->index()
 6 SYSTEMPATH\CodeIgniter.php(507): CodeIgniter\CodeIgniter->runController(Object(App\Controllers\Temuan_patrol))
 7 SYSTEMPATH\CodeIgniter.php(354): CodeIgniter\CodeIgniter->handleRequest(null, Object(Config\Cache), false)
 8 SYSTEMPATH\Boot.php(363): CodeIgniter\CodeIgniter->run()
 9 SYSTEMPATH\Boot.php(68): CodeIgniter\Boot::runCodeIgniter(Object(CodeIgniter\CodeIgniter))
10 FCPATH\index.php(59): CodeIgniter\Boot::bootWeb(Object(Config\Paths))
11 SYSTEMPATH\rewrite.php(44): require_once('C:\\Program Files\\Ampps\\www\\new-quality-patrol\\public\\index.php')
DEBUG - 2026-01-12 09:27:19 --> Session: Class initialized using 'CodeIgniter\Session\Handlers\FileHandler' driver.
DEBUG - 2026-01-12 09:27:26 --> Session: Class initialized using 'CodeIgniter\Session\Handlers\FileHandler' driver.
DEBUG - 2026-01-12 09:27:28 --> Session: Class initialized using 'CodeIgniter\Session\Handlers\FileHandler' driver.
DEBUG - 2026-01-12 09:27:52 --> Session: Class initialized using 'CodeIgniter\Session\Handlers\FileHandler' driver.
DEBUG - 2026-01-12 09:29:28 --> Session: Class initialized using 'CodeIgniter\Session\Handlers\FileHandler' driver.
WARNING - 2026-01-12 09:29:28 --> [DEPRECATED] Function strftime() is deprecated in APPPATH\Views\users\temuan_patrol.php on line 685.
 1 SYSTEMPATH\View\View.php(226): include('C:\\Program Files\\Ampps\\www\\new-quality-patrol\\app\\Views\\users\\temuan_patrol.php')
 2 SYSTEMPATH\View\View.php(229): CodeIgniter\View\View->CodeIgniter\View\{closure}()
 3 SYSTEMPATH\Common.php(1167): CodeIgniter\View\View->render('users/temuan_patrol', [], true)
 4 APPPATH\Controllers\Temuan_patrol.php(45): view('users/temuan_patrol', [...])
 5 SYSTEMPATH\CodeIgniter.php(933): App\Controllers\Temuan_patrol->index()
 6 SYSTEMPATH\CodeIgniter.php(507): CodeIgniter\CodeIgniter->runController(Object(App\Controllers\Temuan_patrol))
 7 SYSTEMPATH\CodeIgniter.php(354): CodeIgniter\CodeIgniter->handleRequest(null, Object(Config\Cache), false)
 8 SYSTEMPATH\Boot.php(363): CodeIgniter\CodeIgniter->run()
 9 SYSTEMPATH\Boot.php(68): CodeIgniter\Boot::runCodeIgniter(Object(CodeIgniter\CodeIgniter))
10 FCPATH\index.php(59): CodeIgniter\Boot::bootWeb(Object(Config\Paths))
11 SYSTEMPATH\rewrite.php(44): require_once('C:\\Program Files\\Ampps\\www\\new-quality-patrol\\public\\index.php')
WARNING - 2026-01-12 09:29:28 --> [DEPRECATED] Function strftime() is deprecated in APPPATH\Views\users\temuan_patrol.php on line 685.
 1 SYSTEMPATH\View\View.php(226): include('C:\\Program Files\\Ampps\\www\\new-quality-patrol\\app\\Views\\users\\temuan_patrol.php')
 2 SYSTEMPATH\View\View.php(229): CodeIgniter\View\View->CodeIgniter\View\{closure}()
 3 SYSTEMPATH\Common.php(1167): CodeIgniter\View\View->render('users/temuan_patrol', [], true)
 4 APPPATH\Controllers\Temuan_patrol.php(45): view('users/temuan_patrol', [...])
 5 SYSTEMPATH\CodeIgniter.php(933): App\Controllers\Temuan_patrol->index()
 6 SYSTEMPATH\CodeIgniter.php(507): CodeIgniter\CodeIgniter->runController(Object(App\Controllers\Temuan_patrol))
 7 SYSTEMPATH\CodeIgniter.php(354): CodeIgniter\CodeIgniter->handleRequest(null, Object(Config\Cache), false)
 8 SYSTEMPATH\Boot.php(363): CodeIgniter\CodeIgniter->run()
 9 SYSTEMPATH\Boot.php(68): CodeIgniter\Boot::runCodeIgniter(Object(CodeIgniter\CodeIgniter))
10 FCPATH\index.php(59): CodeIgniter\Boot::bootWeb(Object(Config\Paths))
11 SYSTEMPATH\rewrite.php(44): require_once('C:\\Program Files\\Ampps\\www\\new-quality-patrol\\public\\index.php')
WARNING - 2026-01-12 09:29:28 --> [DEPRECATED] Function strftime() is deprecated in APPPATH\Views\users\temuan_patrol.php on line 685.
 1 SYSTEMPATH\View\View.php(226): include('C:\\Program Files\\Ampps\\www\\new-quality-patrol\\app\\Views\\users\\temuan_patrol.php')
 2 SYSTEMPATH\View\View.php(229): CodeIgniter\View\View->CodeIgniter\View\{closure}()
 3 SYSTEMPATH\Common.php(1167): CodeIgniter\View\View->render('users/temuan_patrol', [], true)
 4 APPPATH\Controllers\Temuan_patrol.php(45): view('users/temuan_patrol', [...])
 5 SYSTEMPATH\CodeIgniter.php(933): App\Controllers\Temuan_patrol->index()
 6 SYSTEMPATH\CodeIgniter.php(507): CodeIgniter\CodeIgniter->runController(Object(App\Controllers\Temuan_patrol))
 7 SYSTEMPATH\CodeIgniter.php(354): CodeIgniter\CodeIgniter->handleRequest(null, Object(Config\Cache), false)
 8 SYSTEMPATH\Boot.php(363): CodeIgniter\CodeIgniter->run()
 9 SYSTEMPATH\Boot.php(68): CodeIgniter\Boot::runCodeIgniter(Object(CodeIgniter\CodeIgniter))
10 FCPATH\index.php(59): CodeIgniter\Boot::bootWeb(Object(Config\Paths))
11 SYSTEMPATH\rewrite.php(44): require_once('C:\\Program Files\\Ampps\\www\\new-quality-patrol\\public\\index.php')
WARNING - 2026-01-12 09:29:28 --> [DEPRECATED] Function strftime() is deprecated in APPPATH\Views\users\temuan_patrol.php on line 685.
 1 SYSTEMPATH\View\View.php(226): include('C:\\Program Files\\Ampps\\www\\new-quality-patrol\\app\\Views\\users\\temuan_patrol.php')
 2 SYSTEMPATH\View\View.php(229): CodeIgniter\View\View->CodeIgniter\View\{closure}()
 3 SYSTEMPATH\Common.php(1167): CodeIgniter\View\View->render('users/temuan_patrol', [], true)
 4 APPPATH\Controllers\Temuan_patrol.php(45): view('users/temuan_patrol', [...])
 5 SYSTEMPATH\CodeIgniter.php(933): App\Controllers\Temuan_patrol->index()
 6 SYSTEMPATH\CodeIgniter.php(507): CodeIgniter\CodeIgniter->runController(Object(App\Controllers\Temuan_patrol))
 7 SYSTEMPATH\CodeIgniter.php(354): CodeIgniter\CodeIgniter->handleRequest(null, Object(Config\Cache), false)
 8 SYSTEMPATH\Boot.php(363): CodeIgniter\CodeIgniter->run()
 9 SYSTEMPATH\Boot.php(68): CodeIgniter\Boot::runCodeIgniter(Object(CodeIgniter\CodeIgniter))
10 FCPATH\index.php(59): CodeIgniter\Boot::bootWeb(Object(Config\Paths))
11 SYSTEMPATH\rewrite.php(44): require_once('C:\\Program Files\\Ampps\\www\\new-quality-patrol\\public\\index.php')
DEBUG - 2026-01-12 09:29:30 --> Session: Class initialized using 'CodeIgniter\Session\Handlers\FileHandler' driver.
DEBUG - 2026-01-12 09:29:37 --> Session: Class initialized using 'CodeIgniter\Session\Handlers\FileHandler' driver.
DEBUG - 2026-01-12 09:29:41 --> Session: Class initialized using 'CodeIgniter\Session\Handlers\FileHandler' driver.
DEBUG - 2026-01-12 09:29:43 --> Session: Class initialized using 'CodeIgniter\Session\Handlers\FileHandler' driver.
DEBUG - 2026-01-12 09:29:46 --> Session: Class initialized using 'CodeIgniter\Session\Handlers\FileHandler' driver.
DEBUG - 2026-01-12 09:29:53 --> Session: Class initialized using 'CodeIgniter\Session\Handlers\FileHandler' driver.
DEBUG - 2026-01-12 09:30:50 --> Session: Class initialized using 'CodeIgniter\Session\Handlers\FileHandler' driver.
WARNING - 2026-01-12 09:30:50 --> [DEPRECATED] Function strftime() is deprecated in APPPATH\Views\users\temuan_patrol.php on line 685.
 1 SYSTEMPATH\View\View.php(226): include('C:\\Program Files\\Ampps\\www\\new-quality-patrol\\app\\Views\\users\\temuan_patrol.php')
 2 SYSTEMPATH\View\View.php(229): CodeIgniter\View\View->CodeIgniter\View\{closure}()
 3 SYSTEMPATH\Common.php(1167): CodeIgniter\View\View->render('users/temuan_patrol', [], true)
 4 APPPATH\Controllers\Temuan_patrol.php(45): view('users/temuan_patrol', [...])
 5 SYSTEMPATH\CodeIgniter.php(933): App\Controllers\Temuan_patrol->index()
 6 SYSTEMPATH\CodeIgniter.php(507): CodeIgniter\CodeIgniter->runController(Object(App\Controllers\Temuan_patrol))
 7 SYSTEMPATH\CodeIgniter.php(354): CodeIgniter\CodeIgniter->handleRequest(null, Object(Config\Cache), false)
 8 SYSTEMPATH\Boot.php(363): CodeIgniter\CodeIgniter->run()
 9 SYSTEMPATH\Boot.php(68): CodeIgniter\Boot::runCodeIgniter(Object(CodeIgniter\CodeIgniter))
10 FCPATH\index.php(59): CodeIgniter\Boot::bootWeb(Object(Config\Paths))
11 SYSTEMPATH\rewrite.php(44): require_once('C:\\Program Files\\Ampps\\www\\new-quality-patrol\\public\\index.php')
WARNING - 2026-01-12 09:30:50 --> [DEPRECATED] Function strftime() is deprecated in APPPATH\Views\users\temuan_patrol.php on line 685.
 1 SYSTEMPATH\View\View.php(226): include('C:\\Program Files\\Ampps\\www\\new-quality-patrol\\app\\Views\\users\\temuan_patrol.php')
 2 SYSTEMPATH\View\View.php(229): CodeIgniter\View\View->CodeIgniter\View\{closure}()
 3 SYSTEMPATH\Common.php(1167): CodeIgniter\View\View->render('users/temuan_patrol', [], true)
 4 APPPATH\Controllers\Temuan_patrol.php(45): view('users/temuan_patrol', [...])
 5 SYSTEMPATH\CodeIgniter.php(933): App\Controllers\Temuan_patrol->index()
 6 SYSTEMPATH\CodeIgniter.php(507): CodeIgniter\CodeIgniter->runController(Object(App\Controllers\Temuan_patrol))
 7 SYSTEMPATH\CodeIgniter.php(354): CodeIgniter\CodeIgniter->handleRequest(null, Object(Config\Cache), false)
 8 SYSTEMPATH\Boot.php(363): CodeIgniter\CodeIgniter->run()
 9 SYSTEMPATH\Boot.php(68): CodeIgniter\Boot::runCodeIgniter(Object(CodeIgniter\CodeIgniter))
10 FCPATH\index.php(59): CodeIgniter\Boot::bootWeb(Object(Config\Paths))
11 SYSTEMPATH\rewrite.php(44): require_once('C:\\Program Files\\Ampps\\www\\new-quality-patrol\\public\\index.php')
WARNING - 2026-01-12 09:30:50 --> [DEPRECATED] Function strftime() is deprecated in APPPATH\Views\users\temuan_patrol.php on line 685.
 1 SYSTEMPATH\View\View.php(226): include('C:\\Program Files\\Ampps\\www\\new-quality-patrol\\app\\Views\\users\\temuan_patrol.php')
 2 SYSTEMPATH\View\View.php(229): CodeIgniter\View\View->CodeIgniter\View\{closure}()
 3 SYSTEMPATH\Common.php(1167): CodeIgniter\View\View->render('users/temuan_patrol', [], true)
 4 APPPATH\Controllers\Temuan_patrol.php(45): view('users/temuan_patrol', [...])
 5 SYSTEMPATH\CodeIgniter.php(933): App\Controllers\Temuan_patrol->index()
 6 SYSTEMPATH\CodeIgniter.php(507): CodeIgniter\CodeIgniter->runController(Object(App\Controllers\Temuan_patrol))
 7 SYSTEMPATH\CodeIgniter.php(354): CodeIgniter\CodeIgniter->handleRequest(null, Object(Config\Cache), false)
 8 SYSTEMPATH\Boot.php(363): CodeIgniter\CodeIgniter->run()
 9 SYSTEMPATH\Boot.php(68): CodeIgniter\Boot::runCodeIgniter(Object(CodeIgniter\CodeIgniter))
10 FCPATH\index.php(59): CodeIgniter\Boot::bootWeb(Object(Config\Paths))
11 SYSTEMPATH\rewrite.php(44): require_once('C:\\Program Files\\Ampps\\www\\new-quality-patrol\\public\\index.php')
WARNING - 2026-01-12 09:30:50 --> [DEPRECATED] Function strftime() is deprecated in APPPATH\Views\users\temuan_patrol.php on line 685.
 1 SYSTEMPATH\View\View.php(226): include('C:\\Program Files\\Ampps\\www\\new-quality-patrol\\app\\Views\\users\\temuan_patrol.php')
 2 SYSTEMPATH\View\View.php(229): CodeIgniter\View\View->CodeIgniter\View\{closure}()
 3 SYSTEMPATH\Common.php(1167): CodeIgniter\View\View->render('users/temuan_patrol', [], true)
 4 APPPATH\Controllers\Temuan_patrol.php(45): view('users/temuan_patrol', [...])
 5 SYSTEMPATH\CodeIgniter.php(933): App\Controllers\Temuan_patrol->index()
 6 SYSTEMPATH\CodeIgniter.php(507): CodeIgniter\CodeIgniter->runController(Object(App\Controllers\Temuan_patrol))
 7 SYSTEMPATH\CodeIgniter.php(354): CodeIgniter\CodeIgniter->handleRequest(null, Object(Config\Cache), false)
 8 SYSTEMPATH\Boot.php(363): CodeIgniter\CodeIgniter->run()
 9 SYSTEMPATH\Boot.php(68): CodeIgniter\Boot::runCodeIgniter(Object(CodeIgniter\CodeIgniter))
10 FCPATH\index.php(59): CodeIgniter\Boot::bootWeb(Object(Config\Paths))
11 SYSTEMPATH\rewrite.php(44): require_once('C:\\Program Files\\Ampps\\www\\new-quality-patrol\\public\\index.php')
DEBUG - 2026-01-12 09:30:51 --> Session: Class initialized using 'CodeIgniter\Session\Handlers\FileHandler' driver.
DEBUG - 2026-01-12 09:30:59 --> Session: Class initialized using 'CodeIgniter\Session\Handlers\FileHandler' driver.
DEBUG - 2026-01-12 09:31:11 --> Session: Class initialized using 'CodeIgniter\Session\Handlers\FileHandler' driver.
DEBUG - 2026-01-12 09:31:19 --> Session: Class initialized using 'CodeIgniter\Session\Handlers\FileHandler' driver.
DEBUG - 2026-01-12 09:31:20 --> Session: Class initialized using 'CodeIgniter\Session\Handlers\FileHandler' driver.
WARNING - 2026-01-12 09:31:20 --> [DEPRECATED] Function strftime() is deprecated in APPPATH\Views\users\temuan_patrol.php on line 685.
 1 SYSTEMPATH\View\View.php(226): include('C:\\Program Files\\Ampps\\www\\new-quality-patrol\\app\\Views\\users\\temuan_patrol.php')
 2 SYSTEMPATH\View\View.php(229): CodeIgniter\View\View->CodeIgniter\View\{closure}()
 3 SYSTEMPATH\Common.php(1167): CodeIgniter\View\View->render('users/temuan_patrol', [], true)
 4 APPPATH\Controllers\Temuan_patrol.php(45): view('users/temuan_patrol', [...])
 5 SYSTEMPATH\CodeIgniter.php(933): App\Controllers\Temuan_patrol->index()
 6 SYSTEMPATH\CodeIgniter.php(507): CodeIgniter\CodeIgniter->runController(Object(App\Controllers\Temuan_patrol))
 7 SYSTEMPATH\CodeIgniter.php(354): CodeIgniter\CodeIgniter->handleRequest(null, Object(Config\Cache), false)
 8 SYSTEMPATH\Boot.php(363): CodeIgniter\CodeIgniter->run()
 9 SYSTEMPATH\Boot.php(68): CodeIgniter\Boot::runCodeIgniter(Object(CodeIgniter\CodeIgniter))
10 FCPATH\index.php(59): CodeIgniter\Boot::bootWeb(Object(Config\Paths))
11 SYSTEMPATH\rewrite.php(44): require_once('C:\\Program Files\\Ampps\\www\\new-quality-patrol\\public\\index.php')
WARNING - 2026-01-12 09:31:20 --> [DEPRECATED] Function strftime() is deprecated in APPPATH\Views\users\temuan_patrol.php on line 685.
 1 SYSTEMPATH\View\View.php(226): include('C:\\Program Files\\Ampps\\www\\new-quality-patrol\\app\\Views\\users\\temuan_patrol.php')
 2 SYSTEMPATH\View\View.php(229): CodeIgniter\View\View->CodeIgniter\View\{closure}()
 3 SYSTEMPATH\Common.php(1167): CodeIgniter\View\View->render('users/temuan_patrol', [], true)
 4 APPPATH\Controllers\Temuan_patrol.php(45): view('users/temuan_patrol', [...])
 5 SYSTEMPATH\CodeIgniter.php(933): App\Controllers\Temuan_patrol->index()
 6 SYSTEMPATH\CodeIgniter.php(507): CodeIgniter\CodeIgniter->runController(Object(App\Controllers\Temuan_patrol))
 7 SYSTEMPATH\CodeIgniter.php(354): CodeIgniter\CodeIgniter->handleRequest(null, Object(Config\Cache), false)
 8 SYSTEMPATH\Boot.php(363): CodeIgniter\CodeIgniter->run()
 9 SYSTEMPATH\Boot.php(68): CodeIgniter\Boot::runCodeIgniter(Object(CodeIgniter\CodeIgniter))
10 FCPATH\index.php(59): CodeIgniter\Boot::bootWeb(Object(Config\Paths))
11 SYSTEMPATH\rewrite.php(44): require_once('C:\\Program Files\\Ampps\\www\\new-quality-patrol\\public\\index.php')
WARNING - 2026-01-12 09:31:20 --> [DEPRECATED] Function strftime() is deprecated in APPPATH\Views\users\temuan_patrol.php on line 685.
 1 SYSTEMPATH\View\View.php(226): include('C:\\Program Files\\Ampps\\www\\new-quality-patrol\\app\\Views\\users\\temuan_patrol.php')
 2 SYSTEMPATH\View\View.php(229): CodeIgniter\View\View->CodeIgniter\View\{closure}()
 3 SYSTEMPATH\Common.php(1167): CodeIgniter\View\View->render('users/temuan_patrol', [], true)
 4 APPPATH\Controllers\Temuan_patrol.php(45): view('users/temuan_patrol', [...])
 5 SYSTEMPATH\CodeIgniter.php(933): App\Controllers\Temuan_patrol->index()
 6 SYSTEMPATH\CodeIgniter.php(507): CodeIgniter\CodeIgniter->runController(Object(App\Controllers\Temuan_patrol))
 7 SYSTEMPATH\CodeIgniter.php(354): CodeIgniter\CodeIgniter->handleRequest(null, Object(Config\Cache), false)
 8 SYSTEMPATH\Boot.php(363): CodeIgniter\CodeIgniter->run()
 9 SYSTEMPATH\Boot.php(68): CodeIgniter\Boot::runCodeIgniter(Object(CodeIgniter\CodeIgniter))
10 FCPATH\index.php(59): CodeIgniter\Boot::bootWeb(Object(Config\Paths))
11 SYSTEMPATH\rewrite.php(44): require_once('C:\\Program Files\\Ampps\\www\\new-quality-patrol\\public\\index.php')
WARNING - 2026-01-12 09:31:20 --> [DEPRECATED] Function strftime() is deprecated in APPPATH\Views\users\temuan_patrol.php on line 685.
 1 SYSTEMPATH\View\View.php(226): include('C:\\Program Files\\Ampps\\www\\new-quality-patrol\\app\\Views\\users\\temuan_patrol.php')
 2 SYSTEMPATH\View\View.php(229): CodeIgniter\View\View->CodeIgniter\View\{closure}()
 3 SYSTEMPATH\Common.php(1167): CodeIgniter\View\View->render('users/temuan_patrol', [], true)
 4 APPPATH\Controllers\Temuan_patrol.php(45): view('users/temuan_patrol', [...])
 5 SYSTEMPATH\CodeIgniter.php(933): App\Controllers\Temuan_patrol->index()
 6 SYSTEMPATH\CodeIgniter.php(507): CodeIgniter\CodeIgniter->runController(Object(App\Controllers\Temuan_patrol))
 7 SYSTEMPATH\CodeIgniter.php(354): CodeIgniter\CodeIgniter->handleRequest(null, Object(Config\Cache), false)
 8 SYSTEMPATH\Boot.php(363): CodeIgniter\CodeIgniter->run()
 9 SYSTEMPATH\Boot.php(68): CodeIgniter\Boot::runCodeIgniter(Object(CodeIgniter\CodeIgniter))
10 FCPATH\index.php(59): CodeIgniter\Boot::bootWeb(Object(Config\Paths))
11 SYSTEMPATH\rewrite.php(44): require_once('C:\\Program Files\\Ampps\\www\\new-quality-patrol\\public\\index.php')
DEBUG - 2026-01-12 09:31:24 --> Session: Class initialized using 'CodeIgniter\Session\Handlers\FileHandler' driver.
DEBUG - 2026-01-12 09:31:32 --> Session: Class initialized using 'CodeIgniter\Session\Handlers\FileHandler' driver.
DEBUG - 2026-01-12 09:31:49 --> Session: Class initialized using 'CodeIgniter\Session\Handlers\FileHandler' driver.
DEBUG - 2026-01-12 09:32:02 --> Session: Class initialized using 'CodeIgniter\Session\Handlers\FileHandler' driver.
WARNING - 2026-01-12 09:32:02 --> [DEPRECATED] Function strftime() is deprecated in APPPATH\Views\users\temuan_patrol.php on line 685.
 1 SYSTEMPATH\View\View.php(226): include('C:\\Program Files\\Ampps\\www\\new-quality-patrol\\app\\Views\\users\\temuan_patrol.php')
 2 SYSTEMPATH\View\View.php(229): CodeIgniter\View\View->CodeIgniter\View\{closure}()
 3 SYSTEMPATH\Common.php(1167): CodeIgniter\View\View->render('users/temuan_patrol', [], true)
 4 APPPATH\Controllers\Temuan_patrol.php(45): view('users/temuan_patrol', [...])
 5 SYSTEMPATH\CodeIgniter.php(933): App\Controllers\Temuan_patrol->index()
 6 SYSTEMPATH\CodeIgniter.php(507): CodeIgniter\CodeIgniter->runController(Object(App\Controllers\Temuan_patrol))
 7 SYSTEMPATH\CodeIgniter.php(354): CodeIgniter\CodeIgniter->handleRequest(null, Object(Config\Cache), false)
 8 SYSTEMPATH\Boot.php(363): CodeIgniter\CodeIgniter->run()
 9 SYSTEMPATH\Boot.php(68): CodeIgniter\Boot::runCodeIgniter(Object(CodeIgniter\CodeIgniter))
10 FCPATH\index.php(59): CodeIgniter\Boot::bootWeb(Object(Config\Paths))
11 SYSTEMPATH\rewrite.php(44): require_once('C:\\Program Files\\Ampps\\www\\new-quality-patrol\\public\\index.php')
WARNING - 2026-01-12 09:32:02 --> [DEPRECATED] Function strftime() is deprecated in APPPATH\Views\users\temuan_patrol.php on line 685.
 1 SYSTEMPATH\View\View.php(226): include('C:\\Program Files\\Ampps\\www\\new-quality-patrol\\app\\Views\\users\\temuan_patrol.php')
 2 SYSTEMPATH\View\View.php(229): CodeIgniter\View\View->CodeIgniter\View\{closure}()
 3 SYSTEMPATH\Common.php(1167): CodeIgniter\View\View->render('users/temuan_patrol', [], true)
 4 APPPATH\Controllers\Temuan_patrol.php(45): view('users/temuan_patrol', [...])
 5 SYSTEMPATH\CodeIgniter.php(933): App\Controllers\Temuan_patrol->index()
 6 SYSTEMPATH\CodeIgniter.php(507): CodeIgniter\CodeIgniter->runController(Object(App\Controllers\Temuan_patrol))
 7 SYSTEMPATH\CodeIgniter.php(354): CodeIgniter\CodeIgniter->handleRequest(null, Object(Config\Cache), false)
 8 SYSTEMPATH\Boot.php(363): CodeIgniter\CodeIgniter->run()
 9 SYSTEMPATH\Boot.php(68): CodeIgniter\Boot::runCodeIgniter(Object(CodeIgniter\CodeIgniter))
10 FCPATH\index.php(59): CodeIgniter\Boot::bootWeb(Object(Config\Paths))
11 SYSTEMPATH\rewrite.php(44): require_once('C:\\Program Files\\Ampps\\www\\new-quality-patrol\\public\\index.php')
WARNING - 2026-01-12 09:32:02 --> [DEPRECATED] Function strftime() is deprecated in APPPATH\Views\users\temuan_patrol.php on line 685.
 1 SYSTEMPATH\View\View.php(226): include('C:\\Program Files\\Ampps\\www\\new-quality-patrol\\app\\Views\\users\\temuan_patrol.php')
 2 SYSTEMPATH\View\View.php(229): CodeIgniter\View\View->CodeIgniter\View\{closure}()
 3 SYSTEMPATH\Common.php(1167): CodeIgniter\View\View->render('users/temuan_patrol', [], true)
 4 APPPATH\Controllers\Temuan_patrol.php(45): view('users/temuan_patrol', [...])
 5 SYSTEMPATH\CodeIgniter.php(933): App\Controllers\Temuan_patrol->index()
 6 SYSTEMPATH\CodeIgniter.php(507): CodeIgniter\CodeIgniter->runController(Object(App\Controllers\Temuan_patrol))
 7 SYSTEMPATH\CodeIgniter.php(354): CodeIgniter\CodeIgniter->handleRequest(null, Object(Config\Cache), false)
 8 SYSTEMPATH\Boot.php(363): CodeIgniter\CodeIgniter->run()
 9 SYSTEMPATH\Boot.php(68): CodeIgniter\Boot::runCodeIgniter(Object(CodeIgniter\CodeIgniter))
10 FCPATH\index.php(59): CodeIgniter\Boot::bootWeb(Object(Config\Paths))
11 SYSTEMPATH\rewrite.php(44): require_once('C:\\Program Files\\Ampps\\www\\new-quality-patrol\\public\\index.php')
WARNING - 2026-01-12 09:32:02 --> [DEPRECATED] Function strftime() is deprecated in APPPATH\Views\users\temuan_patrol.php on line 685.
 1 SYSTEMPATH\View\View.php(226): include('C:\\Program Files\\Ampps\\www\\new-quality-patrol\\app\\Views\\users\\temuan_patrol.php')
 2 SYSTEMPATH\View\View.php(229): CodeIgniter\View\View->CodeIgniter\View\{closure}()
 3 SYSTEMPATH\Common.php(1167): CodeIgniter\View\View->render('users/temuan_patrol', [], true)
 4 APPPATH\Controllers\Temuan_patrol.php(45): view('users/temuan_patrol', [...])
 5 SYSTEMPATH\CodeIgniter.php(933): App\Controllers\Temuan_patrol->index()
 6 SYSTEMPATH\CodeIgniter.php(507): CodeIgniter\CodeIgniter->runController(Object(App\Controllers\Temuan_patrol))
 7 SYSTEMPATH\CodeIgniter.php(354): CodeIgniter\CodeIgniter->handleRequest(null, Object(Config\Cache), false)
 8 SYSTEMPATH\Boot.php(363): CodeIgniter\CodeIgniter->run()
 9 SYSTEMPATH\Boot.php(68): CodeIgniter\Boot::runCodeIgniter(Object(CodeIgniter\CodeIgniter))
10 FCPATH\index.php(59): CodeIgniter\Boot::bootWeb(Object(Config\Paths))
11 SYSTEMPATH\rewrite.php(44): require_once('C:\\Program Files\\Ampps\\www\\new-quality-patrol\\public\\index.php')
DEBUG - 2026-01-12 09:33:12 --> Session: Class initialized using 'CodeIgniter\Session\Handlers\FileHandler' driver.
WARNING - 2026-01-12 09:33:12 --> [DEPRECATED] Function strftime() is deprecated in APPPATH\Views\users\temuan_patrol.php on line 685.
 1 SYSTEMPATH\View\View.php(226): include('C:\\Program Files\\Ampps\\www\\new-quality-patrol\\app\\Views\\users\\temuan_patrol.php')
 2 SYSTEMPATH\View\View.php(229): CodeIgniter\View\View->CodeIgniter\View\{closure}()
 3 SYSTEMPATH\Common.php(1167): CodeIgniter\View\View->render('users/temuan_patrol', [], true)
 4 APPPATH\Controllers\Temuan_patrol.php(45): view('users/temuan_patrol', [...])
 5 SYSTEMPATH\CodeIgniter.php(933): App\Controllers\Temuan_patrol->index()
 6 SYSTEMPATH\CodeIgniter.php(507): CodeIgniter\CodeIgniter->runController(Object(App\Controllers\Temuan_patrol))
 7 SYSTEMPATH\CodeIgniter.php(354): CodeIgniter\CodeIgniter->handleRequest(null, Object(Config\Cache), false)
 8 SYSTEMPATH\Boot.php(363): CodeIgniter\CodeIgniter->run()
 9 SYSTEMPATH\Boot.php(68): CodeIgniter\Boot::runCodeIgniter(Object(CodeIgniter\CodeIgniter))
10 FCPATH\index.php(59): CodeIgniter\Boot::bootWeb(Object(Config\Paths))
11 SYSTEMPATH\rewrite.php(44): require_once('C:\\Program Files\\Ampps\\www\\new-quality-patrol\\public\\index.php')
WARNING - 2026-01-12 09:33:12 --> [DEPRECATED] Function strftime() is deprecated in APPPATH\Views\users\temuan_patrol.php on line 685.
 1 SYSTEMPATH\View\View.php(226): include('C:\\Program Files\\Ampps\\www\\new-quality-patrol\\app\\Views\\users\\temuan_patrol.php')
 2 SYSTEMPATH\View\View.php(229): CodeIgniter\View\View->CodeIgniter\View\{closure}()
 3 SYSTEMPATH\Common.php(1167): CodeIgniter\View\View->render('users/temuan_patrol', [], true)
 4 APPPATH\Controllers\Temuan_patrol.php(45): view('users/temuan_patrol', [...])
 5 SYSTEMPATH\CodeIgniter.php(933): App\Controllers\Temuan_patrol->index()
 6 SYSTEMPATH\CodeIgniter.php(507): CodeIgniter\CodeIgniter->runController(Object(App\Controllers\Temuan_patrol))
 7 SYSTEMPATH\CodeIgniter.php(354): CodeIgniter\CodeIgniter->handleRequest(null, Object(Config\Cache), false)
 8 SYSTEMPATH\Boot.php(363): CodeIgniter\CodeIgniter->run()
 9 SYSTEMPATH\Boot.php(68): CodeIgniter\Boot::runCodeIgniter(Object(CodeIgniter\CodeIgniter))
10 FCPATH\index.php(59): CodeIgniter\Boot::bootWeb(Object(Config\Paths))
11 SYSTEMPATH\rewrite.php(44): require_once('C:\\Program Files\\Ampps\\www\\new-quality-patrol\\public\\index.php')
WARNING - 2026-01-12 09:33:12 --> [DEPRECATED] Function strftime() is deprecated in APPPATH\Views\users\temuan_patrol.php on line 685.
 1 SYSTEMPATH\View\View.php(226): include('C:\\Program Files\\Ampps\\www\\new-quality-patrol\\app\\Views\\users\\temuan_patrol.php')
 2 SYSTEMPATH\View\View.php(229): CodeIgniter\View\View->CodeIgniter\View\{closure}()
 3 SYSTEMPATH\Common.php(1167): CodeIgniter\View\View->render('users/temuan_patrol', [], true)
 4 APPPATH\Controllers\Temuan_patrol.php(45): view('users/temuan_patrol', [...])
 5 SYSTEMPATH\CodeIgniter.php(933): App\Controllers\Temuan_patrol->index()
 6 SYSTEMPATH\CodeIgniter.php(507): CodeIgniter\CodeIgniter->runController(Object(App\Controllers\Temuan_patrol))
 7 SYSTEMPATH\CodeIgniter.php(354): CodeIgniter\CodeIgniter->handleRequest(null, Object(Config\Cache), false)
 8 SYSTEMPATH\Boot.php(363): CodeIgniter\CodeIgniter->run()
 9 SYSTEMPATH\Boot.php(68): CodeIgniter\Boot::runCodeIgniter(Object(CodeIgniter\CodeIgniter))
10 FCPATH\index.php(59): CodeIgniter\Boot::bootWeb(Object(Config\Paths))
11 SYSTEMPATH\rewrite.php(44): require_once('C:\\Program Files\\Ampps\\www\\new-quality-patrol\\public\\index.php')
WARNING - 2026-01-12 09:33:12 --> [DEPRECATED] Function strftime() is deprecated in APPPATH\Views\users\temuan_patrol.php on line 685.
 1 SYSTEMPATH\View\View.php(226): include('C:\\Program Files\\Ampps\\www\\new-quality-patrol\\app\\Views\\users\\temuan_patrol.php')
 2 SYSTEMPATH\View\View.php(229): CodeIgniter\View\View->CodeIgniter\View\{closure}()
 3 SYSTEMPATH\Common.php(1167): CodeIgniter\View\View->render('users/temuan_patrol', [], true)
 4 APPPATH\Controllers\Temuan_patrol.php(45): view('users/temuan_patrol', [...])
 5 SYSTEMPATH\CodeIgniter.php(933): App\Controllers\Temuan_patrol->index()
 6 SYSTEMPATH\CodeIgniter.php(507): CodeIgniter\CodeIgniter->runController(Object(App\Controllers\Temuan_patrol))
 7 SYSTEMPATH\CodeIgniter.php(354): CodeIgniter\CodeIgniter->handleRequest(null, Object(Config\Cache), false)
 8 SYSTEMPATH\Boot.php(363): CodeIgniter\CodeIgniter->run()
 9 SYSTEMPATH\Boot.php(68): CodeIgniter\Boot::runCodeIgniter(Object(CodeIgniter\CodeIgniter))
10 FCPATH\index.php(59): CodeIgniter\Boot::bootWeb(Object(Config\Paths))
11 SYSTEMPATH\rewrite.php(44): require_once('C:\\Program Files\\Ampps\\www\\new-quality-patrol\\public\\index.php')
DEBUG - 2026-01-12 09:33:15 --> Session: Class initialized using 'CodeIgniter\Session\Handlers\FileHandler' driver.
DEBUG - 2026-01-12 09:33:22 --> Session: Class initialized using 'CodeIgniter\Session\Handlers\FileHandler' driver.
DEBUG - 2026-01-12 09:33:30 --> Session: Class initialized using 'CodeIgniter\Session\Handlers\FileHandler' driver.
WARNING - 2026-01-12 09:33:30 --> [DEPRECATED] Function strftime() is deprecated in APPPATH\Views\users\temuan_patrol.php on line 685.
 1 SYSTEMPATH\View\View.php(226): include('C:\\Program Files\\Ampps\\www\\new-quality-patrol\\app\\Views\\users\\temuan_patrol.php')
 2 SYSTEMPATH\View\View.php(229): CodeIgniter\View\View->CodeIgniter\View\{closure}()
 3 SYSTEMPATH\Common.php(1167): CodeIgniter\View\View->render('users/temuan_patrol', [], true)
 4 APPPATH\Controllers\Temuan_patrol.php(45): view('users/temuan_patrol', [...])
 5 SYSTEMPATH\CodeIgniter.php(933): App\Controllers\Temuan_patrol->index()
 6 SYSTEMPATH\CodeIgniter.php(507): CodeIgniter\CodeIgniter->runController(Object(App\Controllers\Temuan_patrol))
 7 SYSTEMPATH\CodeIgniter.php(354): CodeIgniter\CodeIgniter->handleRequest(null, Object(Config\Cache), false)
 8 SYSTEMPATH\Boot.php(363): CodeIgniter\CodeIgniter->run()
 9 SYSTEMPATH\Boot.php(68): CodeIgniter\Boot::runCodeIgniter(Object(CodeIgniter\CodeIgniter))
10 FCPATH\index.php(59): CodeIgniter\Boot::bootWeb(Object(Config\Paths))
11 SYSTEMPATH\rewrite.php(44): require_once('C:\\Program Files\\Ampps\\www\\new-quality-patrol\\public\\index.php')
WARNING - 2026-01-12 09:33:30 --> [DEPRECATED] Function strftime() is deprecated in APPPATH\Views\users\temuan_patrol.php on line 685.
 1 SYSTEMPATH\View\View.php(226): include('C:\\Program Files\\Ampps\\www\\new-quality-patrol\\app\\Views\\users\\temuan_patrol.php')
 2 SYSTEMPATH\View\View.php(229): CodeIgniter\View\View->CodeIgniter\View\{closure}()
 3 SYSTEMPATH\Common.php(1167): CodeIgniter\View\View->render('users/temuan_patrol', [], true)
 4 APPPATH\Controllers\Temuan_patrol.php(45): view('users/temuan_patrol', [...])
 5 SYSTEMPATH\CodeIgniter.php(933): App\Controllers\Temuan_patrol->index()
 6 SYSTEMPATH\CodeIgniter.php(507): CodeIgniter\CodeIgniter->runController(Object(App\Controllers\Temuan_patrol))
 7 SYSTEMPATH\CodeIgniter.php(354): CodeIgniter\CodeIgniter->handleRequest(null, Object(Config\Cache), false)
 8 SYSTEMPATH\Boot.php(363): CodeIgniter\CodeIgniter->run()
 9 SYSTEMPATH\Boot.php(68): CodeIgniter\Boot::runCodeIgniter(Object(CodeIgniter\CodeIgniter))
10 FCPATH\index.php(59): CodeIgniter\Boot::bootWeb(Object(Config\Paths))
11 SYSTEMPATH\rewrite.php(44): require_once('C:\\Program Files\\Ampps\\www\\new-quality-patrol\\public\\index.php')
WARNING - 2026-01-12 09:33:30 --> [DEPRECATED] Function strftime() is deprecated in APPPATH\Views\users\temuan_patrol.php on line 685.
 1 SYSTEMPATH\View\View.php(226): include('C:\\Program Files\\Ampps\\www\\new-quality-patrol\\app\\Views\\users\\temuan_patrol.php')
 2 SYSTEMPATH\View\View.php(229): CodeIgniter\View\View->CodeIgniter\View\{closure}()
 3 SYSTEMPATH\Common.php(1167): CodeIgniter\View\View->render('users/temuan_patrol', [], true)
 4 APPPATH\Controllers\Temuan_patrol.php(45): view('users/temuan_patrol', [...])
 5 SYSTEMPATH\CodeIgniter.php(933): App\Controllers\Temuan_patrol->index()
 6 SYSTEMPATH\CodeIgniter.php(507): CodeIgniter\CodeIgniter->runController(Object(App\Controllers\Temuan_patrol))
 7 SYSTEMPATH\CodeIgniter.php(354): CodeIgniter\CodeIgniter->handleRequest(null, Object(Config\Cache), false)
 8 SYSTEMPATH\Boot.php(363): CodeIgniter\CodeIgniter->run()
 9 SYSTEMPATH\Boot.php(68): CodeIgniter\Boot::runCodeIgniter(Object(CodeIgniter\CodeIgniter))
10 FCPATH\index.php(59): CodeIgniter\Boot::bootWeb(Object(Config\Paths))
11 SYSTEMPATH\rewrite.php(44): require_once('C:\\Program Files\\Ampps\\www\\new-quality-patrol\\public\\index.php')
WARNING - 2026-01-12 09:33:30 --> [DEPRECATED] Function strftime() is deprecated in APPPATH\Views\users\temuan_patrol.php on line 685.
 1 SYSTEMPATH\View\View.php(226): include('C:\\Program Files\\Ampps\\www\\new-quality-patrol\\app\\Views\\users\\temuan_patrol.php')
 2 SYSTEMPATH\View\View.php(229): CodeIgniter\View\View->CodeIgniter\View\{closure}()
 3 SYSTEMPATH\Common.php(1167): CodeIgniter\View\View->render('users/temuan_patrol', [], true)
 4 APPPATH\Controllers\Temuan_patrol.php(45): view('users/temuan_patrol', [...])
 5 SYSTEMPATH\CodeIgniter.php(933): App\Controllers\Temuan_patrol->index()
 6 SYSTEMPATH\CodeIgniter.php(507): CodeIgniter\CodeIgniter->runController(Object(App\Controllers\Temuan_patrol))
 7 SYSTEMPATH\CodeIgniter.php(354): CodeIgniter\CodeIgniter->handleRequest(null, Object(Config\Cache), false)
 8 SYSTEMPATH\Boot.php(363): CodeIgniter\CodeIgniter->run()
 9 SYSTEMPATH\Boot.php(68): CodeIgniter\Boot::runCodeIgniter(Object(CodeIgniter\CodeIgniter))
10 FCPATH\index.php(59): CodeIgniter\Boot::bootWeb(Object(Config\Paths))
11 SYSTEMPATH\rewrite.php(44): require_once('C:\\Program Files\\Ampps\\www\\new-quality-patrol\\public\\index.php')
DEBUG - 2026-01-12 09:34:11 --> Session: Class initialized using 'CodeIgniter\Session\Handlers\FileHandler' driver.
DEBUG - 2026-01-12 09:34:19 --> Session: Class initialized using 'CodeIgniter\Session\Handlers\FileHandler' driver.
DEBUG - 2026-01-12 09:35:54 --> Session: Class initialized using 'CodeIgniter\Session\Handlers\FileHandler' driver.
WARNING - 2026-01-12 09:35:54 --> [DEPRECATED] Function strftime() is deprecated in APPPATH\Views\users\temuan_patrol.php on line 685.
 1 SYSTEMPATH\View\View.php(226): include('C:\\Program Files\\Ampps\\www\\new-quality-patrol\\app\\Views\\users\\temuan_patrol.php')
 2 SYSTEMPATH\View\View.php(229): CodeIgniter\View\View->CodeIgniter\View\{closure}()
 3 SYSTEMPATH\Common.php(1167): CodeIgniter\View\View->render('users/temuan_patrol', [], true)
 4 APPPATH\Controllers\Temuan_patrol.php(45): view('users/temuan_patrol', [...])
 5 SYSTEMPATH\CodeIgniter.php(933): App\Controllers\Temuan_patrol->index()
 6 SYSTEMPATH\CodeIgniter.php(507): CodeIgniter\CodeIgniter->runController(Object(App\Controllers\Temuan_patrol))
 7 SYSTEMPATH\CodeIgniter.php(354): CodeIgniter\CodeIgniter->handleRequest(null, Object(Config\Cache), false)
 8 SYSTEMPATH\Boot.php(363): CodeIgniter\CodeIgniter->run()
 9 SYSTEMPATH\Boot.php(68): CodeIgniter\Boot::runCodeIgniter(Object(CodeIgniter\CodeIgniter))
10 FCPATH\index.php(59): CodeIgniter\Boot::bootWeb(Object(Config\Paths))
11 SYSTEMPATH\rewrite.php(44): require_once('C:\\Program Files\\Ampps\\www\\new-quality-patrol\\public\\index.php')
WARNING - 2026-01-12 09:35:54 --> [DEPRECATED] Function strftime() is deprecated in APPPATH\Views\users\temuan_patrol.php on line 685.
 1 SYSTEMPATH\View\View.php(226): include('C:\\Program Files\\Ampps\\www\\new-quality-patrol\\app\\Views\\users\\temuan_patrol.php')
 2 SYSTEMPATH\View\View.php(229): CodeIgniter\View\View->CodeIgniter\View\{closure}()
 3 SYSTEMPATH\Common.php(1167): CodeIgniter\View\View->render('users/temuan_patrol', [], true)
 4 APPPATH\Controllers\Temuan_patrol.php(45): view('users/temuan_patrol', [...])
 5 SYSTEMPATH\CodeIgniter.php(933): App\Controllers\Temuan_patrol->index()
 6 SYSTEMPATH\CodeIgniter.php(507): CodeIgniter\CodeIgniter->runController(Object(App\Controllers\Temuan_patrol))
 7 SYSTEMPATH\CodeIgniter.php(354): CodeIgniter\CodeIgniter->handleRequest(null, Object(Config\Cache), false)
 8 SYSTEMPATH\Boot.php(363): CodeIgniter\CodeIgniter->run()
 9 SYSTEMPATH\Boot.php(68): CodeIgniter\Boot::runCodeIgniter(Object(CodeIgniter\CodeIgniter))
10 FCPATH\index.php(59): CodeIgniter\Boot::bootWeb(Object(Config\Paths))
11 SYSTEMPATH\rewrite.php(44): require_once('C:\\Program Files\\Ampps\\www\\new-quality-patrol\\public\\index.php')
WARNING - 2026-01-12 09:35:54 --> [DEPRECATED] Function strftime() is deprecated in APPPATH\Views\users\temuan_patrol.php on line 685.
 1 SYSTEMPATH\View\View.php(226): include('C:\\Program Files\\Ampps\\www\\new-quality-patrol\\app\\Views\\users\\temuan_patrol.php')
 2 SYSTEMPATH\View\View.php(229): CodeIgniter\View\View->CodeIgniter\View\{closure}()
 3 SYSTEMPATH\Common.php(1167): CodeIgniter\View\View->render('users/temuan_patrol', [], true)
 4 APPPATH\Controllers\Temuan_patrol.php(45): view('users/temuan_patrol', [...])
 5 SYSTEMPATH\CodeIgniter.php(933): App\Controllers\Temuan_patrol->index()
 6 SYSTEMPATH\CodeIgniter.php(507): CodeIgniter\CodeIgniter->runController(Object(App\Controllers\Temuan_patrol))
 7 SYSTEMPATH\CodeIgniter.php(354): CodeIgniter\CodeIgniter->handleRequest(null, Object(Config\Cache), false)
 8 SYSTEMPATH\Boot.php(363): CodeIgniter\CodeIgniter->run()
 9 SYSTEMPATH\Boot.php(68): CodeIgniter\Boot::runCodeIgniter(Object(CodeIgniter\CodeIgniter))
10 FCPATH\index.php(59): CodeIgniter\Boot::bootWeb(Object(Config\Paths))
11 SYSTEMPATH\rewrite.php(44): require_once('C:\\Program Files\\Ampps\\www\\new-quality-patrol\\public\\index.php')
WARNING - 2026-01-12 09:35:54 --> [DEPRECATED] Function strftime() is deprecated in APPPATH\Views\users\temuan_patrol.php on line 685.
 1 SYSTEMPATH\View\View.php(226): include('C:\\Program Files\\Ampps\\www\\new-quality-patrol\\app\\Views\\users\\temuan_patrol.php')
 2 SYSTEMPATH\View\View.php(229): CodeIgniter\View\View->CodeIgniter\View\{closure}()
 3 SYSTEMPATH\Common.php(1167): CodeIgniter\View\View->render('users/temuan_patrol', [], true)
 4 APPPATH\Controllers\Temuan_patrol.php(45): view('users/temuan_patrol', [...])
 5 SYSTEMPATH\CodeIgniter.php(933): App\Controllers\Temuan_patrol->index()
 6 SYSTEMPATH\CodeIgniter.php(507): CodeIgniter\CodeIgniter->runController(Object(App\Controllers\Temuan_patrol))
 7 SYSTEMPATH\CodeIgniter.php(354): CodeIgniter\CodeIgniter->handleRequest(null, Object(Config\Cache), false)
 8 SYSTEMPATH\Boot.php(363): CodeIgniter\CodeIgniter->run()
 9 SYSTEMPATH\Boot.php(68): CodeIgniter\Boot::runCodeIgniter(Object(CodeIgniter\CodeIgniter))
10 FCPATH\index.php(59): CodeIgniter\Boot::bootWeb(Object(Config\Paths))
11 SYSTEMPATH\rewrite.php(44): require_once('C:\\Program Files\\Ampps\\www\\new-quality-patrol\\public\\index.php')
DEBUG - 2026-01-12 09:40:54 --> Session: Class initialized using 'CodeIgniter\Session\Handlers\FileHandler' driver.
DEBUG - 2026-01-12 09:40:56 --> Session: Class initialized using 'CodeIgniter\Session\Handlers\FileHandler' driver.
DEBUG - 2026-01-12 09:41:14 --> Session: Class initialized using 'CodeIgniter\Session\Handlers\FileHandler' driver.
DEBUG - 2026-01-12 09:44:58 --> Session: Class initialized using 'CodeIgniter\Session\Handlers\FileHandler' driver.
DEBUG - 2026-01-12 09:44:59 --> Session: Class initialized using 'CodeIgniter\Session\Handlers\FileHandler' driver.
WARNING - 2026-01-12 09:44:59 --> [DEPRECATED] Function strftime() is deprecated in APPPATH\Views\users\temuan_patrol.php on line 685.
 1 SYSTEMPATH\View\View.php(226): include('C:\\Program Files\\Ampps\\www\\new-quality-patrol\\app\\Views\\users\\temuan_patrol.php')
 2 SYSTEMPATH\View\View.php(229): CodeIgniter\View\View->CodeIgniter\View\{closure}()
 3 SYSTEMPATH\Common.php(1167): CodeIgniter\View\View->render('users/temuan_patrol', [], true)
 4 APPPATH\Controllers\Temuan_patrol.php(45): view('users/temuan_patrol', [...])
 5 SYSTEMPATH\CodeIgniter.php(933): App\Controllers\Temuan_patrol->index()
 6 SYSTEMPATH\CodeIgniter.php(507): CodeIgniter\CodeIgniter->runController(Object(App\Controllers\Temuan_patrol))
 7 SYSTEMPATH\CodeIgniter.php(354): CodeIgniter\CodeIgniter->handleRequest(null, Object(Config\Cache), false)
 8 SYSTEMPATH\Boot.php(363): CodeIgniter\CodeIgniter->run()
 9 SYSTEMPATH\Boot.php(68): CodeIgniter\Boot::runCodeIgniter(Object(CodeIgniter\CodeIgniter))
10 FCPATH\index.php(59): CodeIgniter\Boot::bootWeb(Object(Config\Paths))
11 SYSTEMPATH\rewrite.php(44): require_once('C:\\Program Files\\Ampps\\www\\new-quality-patrol\\public\\index.php')
WARNING - 2026-01-12 09:44:59 --> [DEPRECATED] Function strftime() is deprecated in APPPATH\Views\users\temuan_patrol.php on line 685.
 1 SYSTEMPATH\View\View.php(226): include('C:\\Program Files\\Ampps\\www\\new-quality-patrol\\app\\Views\\users\\temuan_patrol.php')
 2 SYSTEMPATH\View\View.php(229): CodeIgniter\View\View->CodeIgniter\View\{closure}()
 3 SYSTEMPATH\Common.php(1167): CodeIgniter\View\View->render('users/temuan_patrol', [], true)
 4 APPPATH\Controllers\Temuan_patrol.php(45): view('users/temuan_patrol', [...])
 5 SYSTEMPATH\CodeIgniter.php(933): App\Controllers\Temuan_patrol->index()
 6 SYSTEMPATH\CodeIgniter.php(507): CodeIgniter\CodeIgniter->runController(Object(App\Controllers\Temuan_patrol))
 7 SYSTEMPATH\CodeIgniter.php(354): CodeIgniter\CodeIgniter->handleRequest(null, Object(Config\Cache), false)
 8 SYSTEMPATH\Boot.php(363): CodeIgniter\CodeIgniter->run()
 9 SYSTEMPATH\Boot.php(68): CodeIgniter\Boot::runCodeIgniter(Object(CodeIgniter\CodeIgniter))
10 FCPATH\index.php(59): CodeIgniter\Boot::bootWeb(Object(Config\Paths))
11 SYSTEMPATH\rewrite.php(44): require_once('C:\\Program Files\\Ampps\\www\\new-quality-patrol\\public\\index.php')
WARNING - 2026-01-12 09:44:59 --> [DEPRECATED] Function strftime() is deprecated in APPPATH\Views\users\temuan_patrol.php on line 685.
 1 SYSTEMPATH\View\View.php(226): include('C:\\Program Files\\Ampps\\www\\new-quality-patrol\\app\\Views\\users\\temuan_patrol.php')
 2 SYSTEMPATH\View\View.php(229): CodeIgniter\View\View->CodeIgniter\View\{closure}()
 3 SYSTEMPATH\Common.php(1167): CodeIgniter\View\View->render('users/temuan_patrol', [], true)
 4 APPPATH\Controllers\Temuan_patrol.php(45): view('users/temuan_patrol', [...])
 5 SYSTEMPATH\CodeIgniter.php(933): App\Controllers\Temuan_patrol->index()
 6 SYSTEMPATH\CodeIgniter.php(507): CodeIgniter\CodeIgniter->runController(Object(App\Controllers\Temuan_patrol))
 7 SYSTEMPATH\CodeIgniter.php(354): CodeIgniter\CodeIgniter->handleRequest(null, Object(Config\Cache), false)
 8 SYSTEMPATH\Boot.php(363): CodeIgniter\CodeIgniter->run()
 9 SYSTEMPATH\Boot.php(68): CodeIgniter\Boot::runCodeIgniter(Object(CodeIgniter\CodeIgniter))
10 FCPATH\index.php(59): CodeIgniter\Boot::bootWeb(Object(Config\Paths))
11 SYSTEMPATH\rewrite.php(44): require_once('C:\\Program Files\\Ampps\\www\\new-quality-patrol\\public\\index.php')
WARNING - 2026-01-12 09:44:59 --> [DEPRECATED] Function strftime() is deprecated in APPPATH\Views\users\temuan_patrol.php on line 685.
 1 SYSTEMPATH\View\View.php(226): include('C:\\Program Files\\Ampps\\www\\new-quality-patrol\\app\\Views\\users\\temuan_patrol.php')
 2 SYSTEMPATH\View\View.php(229): CodeIgniter\View\View->CodeIgniter\View\{closure}()
 3 SYSTEMPATH\Common.php(1167): CodeIgniter\View\View->render('users/temuan_patrol', [], true)
 4 APPPATH\Controllers\Temuan_patrol.php(45): view('users/temuan_patrol', [...])
 5 SYSTEMPATH\CodeIgniter.php(933): App\Controllers\Temuan_patrol->index()
 6 SYSTEMPATH\CodeIgniter.php(507): CodeIgniter\CodeIgniter->runController(Object(App\Controllers\Temuan_patrol))
 7 SYSTEMPATH\CodeIgniter.php(354): CodeIgniter\CodeIgniter->handleRequest(null, Object(Config\Cache), false)
 8 SYSTEMPATH\Boot.php(363): CodeIgniter\CodeIgniter->run()
 9 SYSTEMPATH\Boot.php(68): CodeIgniter\Boot::runCodeIgniter(Object(CodeIgniter\CodeIgniter))
10 FCPATH\index.php(59): CodeIgniter\Boot::bootWeb(Object(Config\Paths))
11 SYSTEMPATH\rewrite.php(44): require_once('C:\\Program Files\\Ampps\\www\\new-quality-patrol\\public\\index.php')
DEBUG - 2026-01-12 09:45:03 --> Session: Class initialized using 'CodeIgniter\Session\Handlers\FileHandler' driver.
DEBUG - 2026-01-12 09:45:07 --> Session: Class initialized using 'CodeIgniter\Session\Handlers\FileHandler' driver.
DEBUG - 2026-01-12 09:45:08 --> Session: Class initialized using 'CodeIgniter\Session\Handlers\FileHandler' driver.
WARNING - 2026-01-12 09:45:08 --> [DEPRECATED] Function strftime() is deprecated in APPPATH\Views\users\temuan_patrol.php on line 685.
 1 SYSTEMPATH\View\View.php(226): include('C:\\Program Files\\Ampps\\www\\new-quality-patrol\\app\\Views\\users\\temuan_patrol.php')
 2 SYSTEMPATH\View\View.php(229): CodeIgniter\View\View->CodeIgniter\View\{closure}()
 3 SYSTEMPATH\Common.php(1167): CodeIgniter\View\View->render('users/temuan_patrol', [], true)
 4 APPPATH\Controllers\Temuan_patrol.php(45): view('users/temuan_patrol', [...])
 5 SYSTEMPATH\CodeIgniter.php(933): App\Controllers\Temuan_patrol->index()
 6 SYSTEMPATH\CodeIgniter.php(507): CodeIgniter\CodeIgniter->runController(Object(App\Controllers\Temuan_patrol))
 7 SYSTEMPATH\CodeIgniter.php(354): CodeIgniter\CodeIgniter->handleRequest(null, Object(Config\Cache), false)
 8 SYSTEMPATH\Boot.php(363): CodeIgniter\CodeIgniter->run()
 9 SYSTEMPATH\Boot.php(68): CodeIgniter\Boot::runCodeIgniter(Object(CodeIgniter\CodeIgniter))
10 FCPATH\index.php(59): CodeIgniter\Boot::bootWeb(Object(Config\Paths))
11 SYSTEMPATH\rewrite.php(44): require_once('C:\\Program Files\\Ampps\\www\\new-quality-patrol\\public\\index.php')
WARNING - 2026-01-12 09:45:08 --> [DEPRECATED] Function strftime() is deprecated in APPPATH\Views\users\temuan_patrol.php on line 685.
 1 SYSTEMPATH\View\View.php(226): include('C:\\Program Files\\Ampps\\www\\new-quality-patrol\\app\\Views\\users\\temuan_patrol.php')
 2 SYSTEMPATH\View\View.php(229): CodeIgniter\View\View->CodeIgniter\View\{closure}()
 3 SYSTEMPATH\Common.php(1167): CodeIgniter\View\View->render('users/temuan_patrol', [], true)
 4 APPPATH\Controllers\Temuan_patrol.php(45): view('users/temuan_patrol', [...])
 5 SYSTEMPATH\CodeIgniter.php(933): App\Controllers\Temuan_patrol->index()
 6 SYSTEMPATH\CodeIgniter.php(507): CodeIgniter\CodeIgniter->runController(Object(App\Controllers\Temuan_patrol))
 7 SYSTEMPATH\CodeIgniter.php(354): CodeIgniter\CodeIgniter->handleRequest(null, Object(Config\Cache), false)
 8 SYSTEMPATH\Boot.php(363): CodeIgniter\CodeIgniter->run()
 9 SYSTEMPATH\Boot.php(68): CodeIgniter\Boot::runCodeIgniter(Object(CodeIgniter\CodeIgniter))
10 FCPATH\index.php(59): CodeIgniter\Boot::bootWeb(Object(Config\Paths))
11 SYSTEMPATH\rewrite.php(44): require_once('C:\\Program Files\\Ampps\\www\\new-quality-patrol\\public\\index.php')
WARNING - 2026-01-12 09:45:08 --> [DEPRECATED] Function strftime() is deprecated in APPPATH\Views\users\temuan_patrol.php on line 685.
 1 SYSTEMPATH\View\View.php(226): include('C:\\Program Files\\Ampps\\www\\new-quality-patrol\\app\\Views\\users\\temuan_patrol.php')
 2 SYSTEMPATH\View\View.php(229): CodeIgniter\View\View->CodeIgniter\View\{closure}()
 3 SYSTEMPATH\Common.php(1167): CodeIgniter\View\View->render('users/temuan_patrol', [], true)
 4 APPPATH\Controllers\Temuan_patrol.php(45): view('users/temuan_patrol', [...])
 5 SYSTEMPATH\CodeIgniter.php(933): App\Controllers\Temuan_patrol->index()
 6 SYSTEMPATH\CodeIgniter.php(507): CodeIgniter\CodeIgniter->runController(Object(App\Controllers\Temuan_patrol))
 7 SYSTEMPATH\CodeIgniter.php(354): CodeIgniter\CodeIgniter->handleRequest(null, Object(Config\Cache), false)
 8 SYSTEMPATH\Boot.php(363): CodeIgniter\CodeIgniter->run()
 9 SYSTEMPATH\Boot.php(68): CodeIgniter\Boot::runCodeIgniter(Object(CodeIgniter\CodeIgniter))
10 FCPATH\index.php(59): CodeIgniter\Boot::bootWeb(Object(Config\Paths))
11 SYSTEMPATH\rewrite.php(44): require_once('C:\\Program Files\\Ampps\\www\\new-quality-patrol\\public\\index.php')
WARNING - 2026-01-12 09:45:08 --> [DEPRECATED] Function strftime() is deprecated in APPPATH\Views\users\temuan_patrol.php on line 685.
 1 SYSTEMPATH\View\View.php(226): include('C:\\Program Files\\Ampps\\www\\new-quality-patrol\\app\\Views\\users\\temuan_patrol.php')
 2 SYSTEMPATH\View\View.php(229): CodeIgniter\View\View->CodeIgniter\View\{closure}()
 3 SYSTEMPATH\Common.php(1167): CodeIgniter\View\View->render('users/temuan_patrol', [], true)
 4 APPPATH\Controllers\Temuan_patrol.php(45): view('users/temuan_patrol', [...])
 5 SYSTEMPATH\CodeIgniter.php(933): App\Controllers\Temuan_patrol->index()
 6 SYSTEMPATH\CodeIgniter.php(507): CodeIgniter\CodeIgniter->runController(Object(App\Controllers\Temuan_patrol))
 7 SYSTEMPATH\CodeIgniter.php(354): CodeIgniter\CodeIgniter->handleRequest(null, Object(Config\Cache), false)
 8 SYSTEMPATH\Boot.php(363): CodeIgniter\CodeIgniter->run()
 9 SYSTEMPATH\Boot.php(68): CodeIgniter\Boot::runCodeIgniter(Object(CodeIgniter\CodeIgniter))
10 FCPATH\index.php(59): CodeIgniter\Boot::bootWeb(Object(Config\Paths))
11 SYSTEMPATH\rewrite.php(44): require_once('C:\\Program Files\\Ampps\\www\\new-quality-patrol\\public\\index.php')
DEBUG - 2026-01-12 09:45:28 --> Session: Class initialized using 'CodeIgniter\Session\Handlers\FileHandler' driver.
DEBUG - 2026-01-12 09:45:33 --> Session: Class initialized using 'CodeIgniter\Session\Handlers\FileHandler' driver.
DEBUG - 2026-01-12 09:45:34 --> Session: Class initialized using 'CodeIgniter\Session\Handlers\FileHandler' driver.
WARNING - 2026-01-12 09:45:34 --> [DEPRECATED] Function strftime() is deprecated in APPPATH\Views\users\temuan_patrol.php on line 685.
 1 SYSTEMPATH\View\View.php(226): include('C:\\Program Files\\Ampps\\www\\new-quality-patrol\\app\\Views\\users\\temuan_patrol.php')
 2 SYSTEMPATH\View\View.php(229): CodeIgniter\View\View->CodeIgniter\View\{closure}()
 3 SYSTEMPATH\Common.php(1167): CodeIgniter\View\View->render('users/temuan_patrol', [], true)
 4 APPPATH\Controllers\Temuan_patrol.php(45): view('users/temuan_patrol', [...])
 5 SYSTEMPATH\CodeIgniter.php(933): App\Controllers\Temuan_patrol->index()
 6 SYSTEMPATH\CodeIgniter.php(507): CodeIgniter\CodeIgniter->runController(Object(App\Controllers\Temuan_patrol))
 7 SYSTEMPATH\CodeIgniter.php(354): CodeIgniter\CodeIgniter->handleRequest(null, Object(Config\Cache), false)
 8 SYSTEMPATH\Boot.php(363): CodeIgniter\CodeIgniter->run()
 9 SYSTEMPATH\Boot.php(68): CodeIgniter\Boot::runCodeIgniter(Object(CodeIgniter\CodeIgniter))
10 FCPATH\index.php(59): CodeIgniter\Boot::bootWeb(Object(Config\Paths))
11 SYSTEMPATH\rewrite.php(44): require_once('C:\\Program Files\\Ampps\\www\\new-quality-patrol\\public\\index.php')
WARNING - 2026-01-12 09:45:34 --> [DEPRECATED] Function strftime() is deprecated in APPPATH\Views\users\temuan_patrol.php on line 685.
 1 SYSTEMPATH\View\View.php(226): include('C:\\Program Files\\Ampps\\www\\new-quality-patrol\\app\\Views\\users\\temuan_patrol.php')
 2 SYSTEMPATH\View\View.php(229): CodeIgniter\View\View->CodeIgniter\View\{closure}()
 3 SYSTEMPATH\Common.php(1167): CodeIgniter\View\View->render('users/temuan_patrol', [], true)
 4 APPPATH\Controllers\Temuan_patrol.php(45): view('users/temuan_patrol', [...])
 5 SYSTEMPATH\CodeIgniter.php(933): App\Controllers\Temuan_patrol->index()
 6 SYSTEMPATH\CodeIgniter.php(507): CodeIgniter\CodeIgniter->runController(Object(App\Controllers\Temuan_patrol))
 7 SYSTEMPATH\CodeIgniter.php(354): CodeIgniter\CodeIgniter->handleRequest(null, Object(Config\Cache), false)
 8 SYSTEMPATH\Boot.php(363): CodeIgniter\CodeIgniter->run()
 9 SYSTEMPATH\Boot.php(68): CodeIgniter\Boot::runCodeIgniter(Object(CodeIgniter\CodeIgniter))
10 FCPATH\index.php(59): CodeIgniter\Boot::bootWeb(Object(Config\Paths))
11 SYSTEMPATH\rewrite.php(44): require_once('C:\\Program Files\\Ampps\\www\\new-quality-patrol\\public\\index.php')
WARNING - 2026-01-12 09:45:34 --> [DEPRECATED] Function strftime() is deprecated in APPPATH\Views\users\temuan_patrol.php on line 685.
 1 SYSTEMPATH\View\View.php(226): include('C:\\Program Files\\Ampps\\www\\new-quality-patrol\\app\\Views\\users\\temuan_patrol.php')
 2 SYSTEMPATH\View\View.php(229): CodeIgniter\View\View->CodeIgniter\View\{closure}()
 3 SYSTEMPATH\Common.php(1167): CodeIgniter\View\View->render('users/temuan_patrol', [], true)
 4 APPPATH\Controllers\Temuan_patrol.php(45): view('users/temuan_patrol', [...])
 5 SYSTEMPATH\CodeIgniter.php(933): App\Controllers\Temuan_patrol->index()
 6 SYSTEMPATH\CodeIgniter.php(507): CodeIgniter\CodeIgniter->runController(Object(App\Controllers\Temuan_patrol))
 7 SYSTEMPATH\CodeIgniter.php(354): CodeIgniter\CodeIgniter->handleRequest(null, Object(Config\Cache), false)
 8 SYSTEMPATH\Boot.php(363): CodeIgniter\CodeIgniter->run()
 9 SYSTEMPATH\Boot.php(68): CodeIgniter\Boot::runCodeIgniter(Object(CodeIgniter\CodeIgniter))
10 FCPATH\index.php(59): CodeIgniter\Boot::bootWeb(Object(Config\Paths))
11 SYSTEMPATH\rewrite.php(44): require_once('C:\\Program Files\\Ampps\\www\\new-quality-patrol\\public\\index.php')
WARNING - 2026-01-12 09:45:34 --> [DEPRECATED] Function strftime() is deprecated in APPPATH\Views\users\temuan_patrol.php on line 685.
 1 SYSTEMPATH\View\View.php(226): include('C:\\Program Files\\Ampps\\www\\new-quality-patrol\\app\\Views\\users\\temuan_patrol.php')
 2 SYSTEMPATH\View\View.php(229): CodeIgniter\View\View->CodeIgniter\View\{closure}()
 3 SYSTEMPATH\Common.php(1167): CodeIgniter\View\View->render('users/temuan_patrol', [], true)
 4 APPPATH\Controllers\Temuan_patrol.php(45): view('users/temuan_patrol', [...])
 5 SYSTEMPATH\CodeIgniter.php(933): App\Controllers\Temuan_patrol->index()
 6 SYSTEMPATH\CodeIgniter.php(507): CodeIgniter\CodeIgniter->runController(Object(App\Controllers\Temuan_patrol))
 7 SYSTEMPATH\CodeIgniter.php(354): CodeIgniter\CodeIgniter->handleRequest(null, Object(Config\Cache), false)
 8 SYSTEMPATH\Boot.php(363): CodeIgniter\CodeIgniter->run()
 9 SYSTEMPATH\Boot.php(68): CodeIgniter\Boot::runCodeIgniter(Object(CodeIgniter\CodeIgniter))
10 FCPATH\index.php(59): CodeIgniter\Boot::bootWeb(Object(Config\Paths))
11 SYSTEMPATH\rewrite.php(44): require_once('C:\\Program Files\\Ampps\\www\\new-quality-patrol\\public\\index.php')
DEBUG - 2026-01-12 10:04:10 --> Session: Class initialized using 'CodeIgniter\Session\Handlers\FileHandler' driver.
WARNING - 2026-01-12 10:04:10 --> [DEPRECATED] Function strftime() is deprecated in APPPATH\Views\users\temuan_patrol.php on line 685.
 1 SYSTEMPATH\View\View.php(226): include('C:\\Program Files\\Ampps\\www\\new-quality-patrol\\app\\Views\\users\\temuan_patrol.php')
 2 SYSTEMPATH\View\View.php(229): CodeIgniter\View\View->CodeIgniter\View\{closure}()
 3 SYSTEMPATH\Common.php(1167): CodeIgniter\View\View->render('users/temuan_patrol', [], true)
 4 APPPATH\Controllers\Temuan_patrol.php(45): view('users/temuan_patrol', [...])
 5 SYSTEMPATH\CodeIgniter.php(933): App\Controllers\Temuan_patrol->index()
 6 SYSTEMPATH\CodeIgniter.php(507): CodeIgniter\CodeIgniter->runController(Object(App\Controllers\Temuan_patrol))
 7 SYSTEMPATH\CodeIgniter.php(354): CodeIgniter\CodeIgniter->handleRequest(null, Object(Config\Cache), false)
 8 SYSTEMPATH\Boot.php(363): CodeIgniter\CodeIgniter->run()
 9 SYSTEMPATH\Boot.php(68): CodeIgniter\Boot::runCodeIgniter(Object(CodeIgniter\CodeIgniter))
10 FCPATH\index.php(59): CodeIgniter\Boot::bootWeb(Object(Config\Paths))
11 SYSTEMPATH\rewrite.php(44): require_once('C:\\Program Files\\Ampps\\www\\new-quality-patrol\\public\\index.php')
WARNING - 2026-01-12 10:04:10 --> [DEPRECATED] Function strftime() is deprecated in APPPATH\Views\users\temuan_patrol.php on line 685.
 1 SYSTEMPATH\View\View.php(226): include('C:\\Program Files\\Ampps\\www\\new-quality-patrol\\app\\Views\\users\\temuan_patrol.php')
 2 SYSTEMPATH\View\View.php(229): CodeIgniter\View\View->CodeIgniter\View\{closure}()
 3 SYSTEMPATH\Common.php(1167): CodeIgniter\View\View->render('users/temuan_patrol', [], true)
 4 APPPATH\Controllers\Temuan_patrol.php(45): view('users/temuan_patrol', [...])
 5 SYSTEMPATH\CodeIgniter.php(933): App\Controllers\Temuan_patrol->index()
 6 SYSTEMPATH\CodeIgniter.php(507): CodeIgniter\CodeIgniter->runController(Object(App\Controllers\Temuan_patrol))
 7 SYSTEMPATH\CodeIgniter.php(354): CodeIgniter\CodeIgniter->handleRequest(null, Object(Config\Cache), false)
 8 SYSTEMPATH\Boot.php(363): CodeIgniter\CodeIgniter->run()
 9 SYSTEMPATH\Boot.php(68): CodeIgniter\Boot::runCodeIgniter(Object(CodeIgniter\CodeIgniter))
10 FCPATH\index.php(59): CodeIgniter\Boot::bootWeb(Object(Config\Paths))
11 SYSTEMPATH\rewrite.php(44): require_once('C:\\Program Files\\Ampps\\www\\new-quality-patrol\\public\\index.php')
WARNING - 2026-01-12 10:04:10 --> [DEPRECATED] Function strftime() is deprecated in APPPATH\Views\users\temuan_patrol.php on line 685.
 1 SYSTEMPATH\View\View.php(226): include('C:\\Program Files\\Ampps\\www\\new-quality-patrol\\app\\Views\\users\\temuan_patrol.php')
 2 SYSTEMPATH\View\View.php(229): CodeIgniter\View\View->CodeIgniter\View\{closure}()
 3 SYSTEMPATH\Common.php(1167): CodeIgniter\View\View->render('users/temuan_patrol', [], true)
 4 APPPATH\Controllers\Temuan_patrol.php(45): view('users/temuan_patrol', [...])
 5 SYSTEMPATH\CodeIgniter.php(933): App\Controllers\Temuan_patrol->index()
 6 SYSTEMPATH\CodeIgniter.php(507): CodeIgniter\CodeIgniter->runController(Object(App\Controllers\Temuan_patrol))
 7 SYSTEMPATH\CodeIgniter.php(354): CodeIgniter\CodeIgniter->handleRequest(null, Object(Config\Cache), false)
 8 SYSTEMPATH\Boot.php(363): CodeIgniter\CodeIgniter->run()
 9 SYSTEMPATH\Boot.php(68): CodeIgniter\Boot::runCodeIgniter(Object(CodeIgniter\CodeIgniter))
10 FCPATH\index.php(59): CodeIgniter\Boot::bootWeb(Object(Config\Paths))
11 SYSTEMPATH\rewrite.php(44): require_once('C:\\Program Files\\Ampps\\www\\new-quality-patrol\\public\\index.php')
WARNING - 2026-01-12 10:04:10 --> [DEPRECATED] Function strftime() is deprecated in APPPATH\Views\users\temuan_patrol.php on line 685.
 1 SYSTEMPATH\View\View.php(226): include('C:\\Program Files\\Ampps\\www\\new-quality-patrol\\app\\Views\\users\\temuan_patrol.php')
 2 SYSTEMPATH\View\View.php(229): CodeIgniter\View\View->CodeIgniter\View\{closure}()
 3 SYSTEMPATH\Common.php(1167): CodeIgniter\View\View->render('users/temuan_patrol', [], true)
 4 APPPATH\Controllers\Temuan_patrol.php(45): view('users/temuan_patrol', [...])
 5 SYSTEMPATH\CodeIgniter.php(933): App\Controllers\Temuan_patrol->index()
 6 SYSTEMPATH\CodeIgniter.php(507): CodeIgniter\CodeIgniter->runController(Object(App\Controllers\Temuan_patrol))
 7 SYSTEMPATH\CodeIgniter.php(354): CodeIgniter\CodeIgniter->handleRequest(null, Object(Config\Cache), false)
 8 SYSTEMPATH\Boot.php(363): CodeIgniter\CodeIgniter->run()
 9 SYSTEMPATH\Boot.php(68): CodeIgniter\Boot::runCodeIgniter(Object(CodeIgniter\CodeIgniter))
10 FCPATH\index.php(59): CodeIgniter\Boot::bootWeb(Object(Config\Paths))
11 SYSTEMPATH\rewrite.php(44): require_once('C:\\Program Files\\Ampps\\www\\new-quality-patrol\\public\\index.php')
DEBUG - 2026-01-12 10:04:13 --> Session: Class initialized using 'CodeIgniter\Session\Handlers\FileHandler' driver.
DEBUG - 2026-01-12 10:06:07 --> Session: Class initialized using 'CodeIgniter\Session\Handlers\FileHandler' driver.
DEBUG - 2026-01-12 10:06:08 --> Session: Class initialized using 'CodeIgniter\Session\Handlers\FileHandler' driver.
WARNING - 2026-01-12 10:06:08 --> [DEPRECATED] Function strftime() is deprecated in APPPATH\Views\users\temuan_patrol.php on line 685.
 1 SYSTEMPATH\View\View.php(226): include('C:\\Program Files\\Ampps\\www\\new-quality-patrol\\app\\Views\\users\\temuan_patrol.php')
 2 SYSTEMPATH\View\View.php(229): CodeIgniter\View\View->CodeIgniter\View\{closure}()
 3 SYSTEMPATH\Common.php(1167): CodeIgniter\View\View->render('users/temuan_patrol', [], true)
 4 APPPATH\Controllers\Temuan_patrol.php(45): view('users/temuan_patrol', [...])
 5 SYSTEMPATH\CodeIgniter.php(933): App\Controllers\Temuan_patrol->index()
 6 SYSTEMPATH\CodeIgniter.php(507): CodeIgniter\CodeIgniter->runController(Object(App\Controllers\Temuan_patrol))
 7 SYSTEMPATH\CodeIgniter.php(354): CodeIgniter\CodeIgniter->handleRequest(null, Object(Config\Cache), false)
 8 SYSTEMPATH\Boot.php(363): CodeIgniter\CodeIgniter->run()
 9 SYSTEMPATH\Boot.php(68): CodeIgniter\Boot::runCodeIgniter(Object(CodeIgniter\CodeIgniter))
10 FCPATH\index.php(59): CodeIgniter\Boot::bootWeb(Object(Config\Paths))
11 SYSTEMPATH\rewrite.php(44): require_once('C:\\Program Files\\Ampps\\www\\new-quality-patrol\\public\\index.php')
WARNING - 2026-01-12 10:06:08 --> [DEPRECATED] Function strftime() is deprecated in APPPATH\Views\users\temuan_patrol.php on line 685.
 1 SYSTEMPATH\View\View.php(226): include('C:\\Program Files\\Ampps\\www\\new-quality-patrol\\app\\Views\\users\\temuan_patrol.php')
 2 SYSTEMPATH\View\View.php(229): CodeIgniter\View\View->CodeIgniter\View\{closure}()
 3 SYSTEMPATH\Common.php(1167): CodeIgniter\View\View->render('users/temuan_patrol', [], true)
 4 APPPATH\Controllers\Temuan_patrol.php(45): view('users/temuan_patrol', [...])
 5 SYSTEMPATH\CodeIgniter.php(933): App\Controllers\Temuan_patrol->index()
 6 SYSTEMPATH\CodeIgniter.php(507): CodeIgniter\CodeIgniter->runController(Object(App\Controllers\Temuan_patrol))
 7 SYSTEMPATH\CodeIgniter.php(354): CodeIgniter\CodeIgniter->handleRequest(null, Object(Config\Cache), false)
 8 SYSTEMPATH\Boot.php(363): CodeIgniter\CodeIgniter->run()
 9 SYSTEMPATH\Boot.php(68): CodeIgniter\Boot::runCodeIgniter(Object(CodeIgniter\CodeIgniter))
10 FCPATH\index.php(59): CodeIgniter\Boot::bootWeb(Object(Config\Paths))
11 SYSTEMPATH\rewrite.php(44): require_once('C:\\Program Files\\Ampps\\www\\new-quality-patrol\\public\\index.php')
WARNING - 2026-01-12 10:06:08 --> [DEPRECATED] Function strftime() is deprecated in APPPATH\Views\users\temuan_patrol.php on line 685.
 1 SYSTEMPATH\View\View.php(226): include('C:\\Program Files\\Ampps\\www\\new-quality-patrol\\app\\Views\\users\\temuan_patrol.php')
 2 SYSTEMPATH\View\View.php(229): CodeIgniter\View\View->CodeIgniter\View\{closure}()
 3 SYSTEMPATH\Common.php(1167): CodeIgniter\View\View->render('users/temuan_patrol', [], true)
 4 APPPATH\Controllers\Temuan_patrol.php(45): view('users/temuan_patrol', [...])
 5 SYSTEMPATH\CodeIgniter.php(933): App\Controllers\Temuan_patrol->index()
 6 SYSTEMPATH\CodeIgniter.php(507): CodeIgniter\CodeIgniter->runController(Object(App\Controllers\Temuan_patrol))
 7 SYSTEMPATH\CodeIgniter.php(354): CodeIgniter\CodeIgniter->handleRequest(null, Object(Config\Cache), false)
 8 SYSTEMPATH\Boot.php(363): CodeIgniter\CodeIgniter->run()
 9 SYSTEMPATH\Boot.php(68): CodeIgniter\Boot::runCodeIgniter(Object(CodeIgniter\CodeIgniter))
10 FCPATH\index.php(59): CodeIgniter\Boot::bootWeb(Object(Config\Paths))
11 SYSTEMPATH\rewrite.php(44): require_once('C:\\Program Files\\Ampps\\www\\new-quality-patrol\\public\\index.php')
WARNING - 2026-01-12 10:06:08 --> [DEPRECATED] Function strftime() is deprecated in APPPATH\Views\users\temuan_patrol.php on line 685.
 1 SYSTEMPATH\View\View.php(226): include('C:\\Program Files\\Ampps\\www\\new-quality-patrol\\app\\Views\\users\\temuan_patrol.php')
 2 SYSTEMPATH\View\View.php(229): CodeIgniter\View\View->CodeIgniter\View\{closure}()
 3 SYSTEMPATH\Common.php(1167): CodeIgniter\View\View->render('users/temuan_patrol', [], true)
 4 APPPATH\Controllers\Temuan_patrol.php(45): view('users/temuan_patrol', [...])
 5 SYSTEMPATH\CodeIgniter.php(933): App\Controllers\Temuan_patrol->index()
 6 SYSTEMPATH\CodeIgniter.php(507): CodeIgniter\CodeIgniter->runController(Object(App\Controllers\Temuan_patrol))
 7 SYSTEMPATH\CodeIgniter.php(354): CodeIgniter\CodeIgniter->handleRequest(null, Object(Config\Cache), false)
 8 SYSTEMPATH\Boot.php(363): CodeIgniter\CodeIgniter->run()
 9 SYSTEMPATH\Boot.php(68): CodeIgniter\Boot::runCodeIgniter(Object(CodeIgniter\CodeIgniter))
10 FCPATH\index.php(59): CodeIgniter\Boot::bootWeb(Object(Config\Paths))
11 SYSTEMPATH\rewrite.php(44): require_once('C:\\Program Files\\Ampps\\www\\new-quality-patrol\\public\\index.php')
DEBUG - 2026-01-12 10:06:19 --> Session: Class initialized using 'CodeIgniter\Session\Handlers\FileHandler' driver.
DEBUG - 2026-01-12 10:06:24 --> Session: Class initialized using 'CodeIgniter\Session\Handlers\FileHandler' driver.
DEBUG - 2026-01-12 10:06:26 --> Session: Class initialized using 'CodeIgniter\Session\Handlers\FileHandler' driver.
DEBUG - 2026-01-12 10:06:54 --> Session: Class initialized using 'CodeIgniter\Session\Handlers\FileHandler' driver.
WARNING - 2026-01-12 10:06:54 --> [DEPRECATED] Function strftime() is deprecated in APPPATH\Views\users\temuan_patrol.php on line 685.
 1 SYSTEMPATH\View\View.php(226): include('C:\\Program Files\\Ampps\\www\\new-quality-patrol\\app\\Views\\users\\temuan_patrol.php')
 2 SYSTEMPATH\View\View.php(229): CodeIgniter\View\View->CodeIgniter\View\{closure}()
 3 SYSTEMPATH\Common.php(1167): CodeIgniter\View\View->render('users/temuan_patrol', [], true)
 4 APPPATH\Controllers\Temuan_patrol.php(45): view('users/temuan_patrol', [...])
 5 SYSTEMPATH\CodeIgniter.php(933): App\Controllers\Temuan_patrol->index()
 6 SYSTEMPATH\CodeIgniter.php(507): CodeIgniter\CodeIgniter->runController(Object(App\Controllers\Temuan_patrol))
 7 SYSTEMPATH\CodeIgniter.php(354): CodeIgniter\CodeIgniter->handleRequest(null, Object(Config\Cache), false)
 8 SYSTEMPATH\Boot.php(363): CodeIgniter\CodeIgniter->run()
 9 SYSTEMPATH\Boot.php(68): CodeIgniter\Boot::runCodeIgniter(Object(CodeIgniter\CodeIgniter))
10 FCPATH\index.php(59): CodeIgniter\Boot::bootWeb(Object(Config\Paths))
11 SYSTEMPATH\rewrite.php(44): require_once('C:\\Program Files\\Ampps\\www\\new-quality-patrol\\public\\index.php')
WARNING - 2026-01-12 10:06:54 --> [DEPRECATED] Function strftime() is deprecated in APPPATH\Views\users\temuan_patrol.php on line 685.
 1 SYSTEMPATH\View\View.php(226): include('C:\\Program Files\\Ampps\\www\\new-quality-patrol\\app\\Views\\users\\temuan_patrol.php')
 2 SYSTEMPATH\View\View.php(229): CodeIgniter\View\View->CodeIgniter\View\{closure}()
 3 SYSTEMPATH\Common.php(1167): CodeIgniter\View\View->render('users/temuan_patrol', [], true)
 4 APPPATH\Controllers\Temuan_patrol.php(45): view('users/temuan_patrol', [...])
 5 SYSTEMPATH\CodeIgniter.php(933): App\Controllers\Temuan_patrol->index()
 6 SYSTEMPATH\CodeIgniter.php(507): CodeIgniter\CodeIgniter->runController(Object(App\Controllers\Temuan_patrol))
 7 SYSTEMPATH\CodeIgniter.php(354): CodeIgniter\CodeIgniter->handleRequest(null, Object(Config\Cache), false)
 8 SYSTEMPATH\Boot.php(363): CodeIgniter\CodeIgniter->run()
 9 SYSTEMPATH\Boot.php(68): CodeIgniter\Boot::runCodeIgniter(Object(CodeIgniter\CodeIgniter))
10 FCPATH\index.php(59): CodeIgniter\Boot::bootWeb(Object(Config\Paths))
11 SYSTEMPATH\rewrite.php(44): require_once('C:\\Program Files\\Ampps\\www\\new-quality-patrol\\public\\index.php')
WARNING - 2026-01-12 10:06:54 --> [DEPRECATED] Function strftime() is deprecated in APPPATH\Views\users\temuan_patrol.php on line 685.
 1 SYSTEMPATH\View\View.php(226): include('C:\\Program Files\\Ampps\\www\\new-quality-patrol\\app\\Views\\users\\temuan_patrol.php')
 2 SYSTEMPATH\View\View.php(229): CodeIgniter\View\View->CodeIgniter\View\{closure}()
 3 SYSTEMPATH\Common.php(1167): CodeIgniter\View\View->render('users/temuan_patrol', [], true)
 4 APPPATH\Controllers\Temuan_patrol.php(45): view('users/temuan_patrol', [...])
 5 SYSTEMPATH\CodeIgniter.php(933): App\Controllers\Temuan_patrol->index()
 6 SYSTEMPATH\CodeIgniter.php(507): CodeIgniter\CodeIgniter->runController(Object(App\Controllers\Temuan_patrol))
 7 SYSTEMPATH\CodeIgniter.php(354): CodeIgniter\CodeIgniter->handleRequest(null, Object(Config\Cache), false)
 8 SYSTEMPATH\Boot.php(363): CodeIgniter\CodeIgniter->run()
 9 SYSTEMPATH\Boot.php(68): CodeIgniter\Boot::runCodeIgniter(Object(CodeIgniter\CodeIgniter))
10 FCPATH\index.php(59): CodeIgniter\Boot::bootWeb(Object(Config\Paths))
11 SYSTEMPATH\rewrite.php(44): require_once('C:\\Program Files\\Ampps\\www\\new-quality-patrol\\public\\index.php')
DEBUG - 2026-01-12 10:07:06 --> Session: Class initialized using 'CodeIgniter\Session\Handlers\FileHandler' driver.
DEBUG - 2026-01-12 10:07:20 --> Session: Class initialized using 'CodeIgniter\Session\Handlers\FileHandler' driver.
CRITICAL - 2026-01-12 10:07:59 --> CodeIgniter\HTTP\Exceptions\BadRequestException: The URI you submitted has disallowed characters: "view-image.js line 2265 > srcScript"
[Method: GET, Route: assets/js/temuan_patrol/view-image.js%20line%202265%20%3E%20srcScript]
in SYSTEMPATH\Router\Router.php on line 741.
 1 SYSTEMPATH\Router\Router.php(207): CodeIgniter\Router\Router->checkDisallowedChars()
 2 SYSTEMPATH\CodeIgniter.php(832): CodeIgniter\Router\Router->handle()
 3 SYSTEMPATH\CodeIgniter.php(455): CodeIgniter\CodeIgniter->tryToRouteIt()
 4 SYSTEMPATH\CodeIgniter.php(354): CodeIgniter\CodeIgniter->handleRequest()
 5 SYSTEMPATH\Boot.php(363): CodeIgniter\CodeIgniter->run()
 6 SYSTEMPATH\Boot.php(68): CodeIgniter\Boot::runCodeIgniter()
 7 FCPATH\index.php(59): CodeIgniter\Boot::bootWeb()
 8 SYSTEMPATH\rewrite.php(44): require_once('C:\\Program Files\\Ampps\\www\\new-quality-patrol\\public\\index.php')
DEBUG - 2026-01-12 10:10:14 --> Session: Class initialized using 'CodeIgniter\Session\Handlers\FileHandler' driver.
DEBUG - 2026-01-12 10:11:24 --> Session: Class initialized using 'CodeIgniter\Session\Handlers\FileHandler' driver.
DEBUG - 2026-01-12 10:11:36 --> Session: Class initialized using 'CodeIgniter\Session\Handlers\FileHandler' driver.
WARNING - 2026-01-12 10:11:36 --> [DEPRECATED] Function strftime() is deprecated in APPPATH\Views\users\temuan_patrol.php on line 685.
 1 SYSTEMPATH\View\View.php(226): include('C:\\Program Files\\Ampps\\www\\new-quality-patrol\\app\\Views\\users\\temuan_patrol.php')
 2 SYSTEMPATH\View\View.php(229): CodeIgniter\View\View->CodeIgniter\View\{closure}()
 3 SYSTEMPATH\Common.php(1167): CodeIgniter\View\View->render('users/temuan_patrol', [], true)
 4 APPPATH\Controllers\Temuan_patrol.php(45): view('users/temuan_patrol', [...])
 5 SYSTEMPATH\CodeIgniter.php(933): App\Controllers\Temuan_patrol->index()
 6 SYSTEMPATH\CodeIgniter.php(507): CodeIgniter\CodeIgniter->runController(Object(App\Controllers\Temuan_patrol))
 7 SYSTEMPATH\CodeIgniter.php(354): CodeIgniter\CodeIgniter->handleRequest(null, Object(Config\Cache), false)
 8 SYSTEMPATH\Boot.php(363): CodeIgniter\CodeIgniter->run()
 9 SYSTEMPATH\Boot.php(68): CodeIgniter\Boot::runCodeIgniter(Object(CodeIgniter\CodeIgniter))
10 FCPATH\index.php(59): CodeIgniter\Boot::bootWeb(Object(Config\Paths))
11 SYSTEMPATH\rewrite.php(44): require_once('C:\\Program Files\\Ampps\\www\\new-quality-patrol\\public\\index.php')
WARNING - 2026-01-12 10:11:36 --> [DEPRECATED] Function strftime() is deprecated in APPPATH\Views\users\temuan_patrol.php on line 685.
 1 SYSTEMPATH\View\View.php(226): include('C:\\Program Files\\Ampps\\www\\new-quality-patrol\\app\\Views\\users\\temuan_patrol.php')
 2 SYSTEMPATH\View\View.php(229): CodeIgniter\View\View->CodeIgniter\View\{closure}()
 3 SYSTEMPATH\Common.php(1167): CodeIgniter\View\View->render('users/temuan_patrol', [], true)
 4 APPPATH\Controllers\Temuan_patrol.php(45): view('users/temuan_patrol', [...])
 5 SYSTEMPATH\CodeIgniter.php(933): App\Controllers\Temuan_patrol->index()
 6 SYSTEMPATH\CodeIgniter.php(507): CodeIgniter\CodeIgniter->runController(Object(App\Controllers\Temuan_patrol))
 7 SYSTEMPATH\CodeIgniter.php(354): CodeIgniter\CodeIgniter->handleRequest(null, Object(Config\Cache), false)
 8 SYSTEMPATH\Boot.php(363): CodeIgniter\CodeIgniter->run()
 9 SYSTEMPATH\Boot.php(68): CodeIgniter\Boot::runCodeIgniter(Object(CodeIgniter\CodeIgniter))
10 FCPATH\index.php(59): CodeIgniter\Boot::bootWeb(Object(Config\Paths))
11 SYSTEMPATH\rewrite.php(44): require_once('C:\\Program Files\\Ampps\\www\\new-quality-patrol\\public\\index.php')
WARNING - 2026-01-12 10:11:36 --> [DEPRECATED] Function strftime() is deprecated in APPPATH\Views\users\temuan_patrol.php on line 685.
 1 SYSTEMPATH\View\View.php(226): include('C:\\Program Files\\Ampps\\www\\new-quality-patrol\\app\\Views\\users\\temuan_patrol.php')
 2 SYSTEMPATH\View\View.php(229): CodeIgniter\View\View->CodeIgniter\View\{closure}()
 3 SYSTEMPATH\Common.php(1167): CodeIgniter\View\View->render('users/temuan_patrol', [], true)
 4 APPPATH\Controllers\Temuan_patrol.php(45): view('users/temuan_patrol', [...])
 5 SYSTEMPATH\CodeIgniter.php(933): App\Controllers\Temuan_patrol->index()
 6 SYSTEMPATH\CodeIgniter.php(507): CodeIgniter\CodeIgniter->runController(Object(App\Controllers\Temuan_patrol))
 7 SYSTEMPATH\CodeIgniter.php(354): CodeIgniter\CodeIgniter->handleRequest(null, Object(Config\Cache), false)
 8 SYSTEMPATH\Boot.php(363): CodeIgniter\CodeIgniter->run()
 9 SYSTEMPATH\Boot.php(68): CodeIgniter\Boot::runCodeIgniter(Object(CodeIgniter\CodeIgniter))
10 FCPATH\index.php(59): CodeIgniter\Boot::bootWeb(Object(Config\Paths))
11 SYSTEMPATH\rewrite.php(44): require_once('C:\\Program Files\\Ampps\\www\\new-quality-patrol\\public\\index.php')
DEBUG - 2026-01-12 10:11:38 --> Session: Class initialized using 'CodeIgniter\Session\Handlers\FileHandler' driver.
DEBUG - 2026-01-12 10:11:46 --> Session: Class initialized using 'CodeIgniter\Session\Handlers\FileHandler' driver.
DEBUG - 2026-01-12 10:11:47 --> Session: Class initialized using 'CodeIgniter\Session\Handlers\FileHandler' driver.
WARNING - 2026-01-12 10:11:47 --> [DEPRECATED] Function strftime() is deprecated in APPPATH\Views\users\temuan_patrol.php on line 685.
 1 SYSTEMPATH\View\View.php(226): include('C:\\Program Files\\Ampps\\www\\new-quality-patrol\\app\\Views\\users\\temuan_patrol.php')
 2 SYSTEMPATH\View\View.php(229): CodeIgniter\View\View->CodeIgniter\View\{closure}()
 3 SYSTEMPATH\Common.php(1167): CodeIgniter\View\View->render('users/temuan_patrol', [], true)
 4 APPPATH\Controllers\Temuan_patrol.php(45): view('users/temuan_patrol', [...])
 5 SYSTEMPATH\CodeIgniter.php(933): App\Controllers\Temuan_patrol->index()
 6 SYSTEMPATH\CodeIgniter.php(507): CodeIgniter\CodeIgniter->runController(Object(App\Controllers\Temuan_patrol))
 7 SYSTEMPATH\CodeIgniter.php(354): CodeIgniter\CodeIgniter->handleRequest(null, Object(Config\Cache), false)
 8 SYSTEMPATH\Boot.php(363): CodeIgniter\CodeIgniter->run()
 9 SYSTEMPATH\Boot.php(68): CodeIgniter\Boot::runCodeIgniter(Object(CodeIgniter\CodeIgniter))
10 FCPATH\index.php(59): CodeIgniter\Boot::bootWeb(Object(Config\Paths))
11 SYSTEMPATH\rewrite.php(44): require_once('C:\\Program Files\\Ampps\\www\\new-quality-patrol\\public\\index.php')
WARNING - 2026-01-12 10:11:47 --> [DEPRECATED] Function strftime() is deprecated in APPPATH\Views\users\temuan_patrol.php on line 685.
 1 SYSTEMPATH\View\View.php(226): include('C:\\Program Files\\Ampps\\www\\new-quality-patrol\\app\\Views\\users\\temuan_patrol.php')
 2 SYSTEMPATH\View\View.php(229): CodeIgniter\View\View->CodeIgniter\View\{closure}()
 3 SYSTEMPATH\Common.php(1167): CodeIgniter\View\View->render('users/temuan_patrol', [], true)
 4 APPPATH\Controllers\Temuan_patrol.php(45): view('users/temuan_patrol', [...])
 5 SYSTEMPATH\CodeIgniter.php(933): App\Controllers\Temuan_patrol->index()
 6 SYSTEMPATH\CodeIgniter.php(507): CodeIgniter\CodeIgniter->runController(Object(App\Controllers\Temuan_patrol))
 7 SYSTEMPATH\CodeIgniter.php(354): CodeIgniter\CodeIgniter->handleRequest(null, Object(Config\Cache), false)
 8 SYSTEMPATH\Boot.php(363): CodeIgniter\CodeIgniter->run()
 9 SYSTEMPATH\Boot.php(68): CodeIgniter\Boot::runCodeIgniter(Object(CodeIgniter\CodeIgniter))
10 FCPATH\index.php(59): CodeIgniter\Boot::bootWeb(Object(Config\Paths))
11 SYSTEMPATH\rewrite.php(44): require_once('C:\\Program Files\\Ampps\\www\\new-quality-patrol\\public\\index.php')
WARNING - 2026-01-12 10:11:47 --> [DEPRECATED] Function strftime() is deprecated in APPPATH\Views\users\temuan_patrol.php on line 685.
 1 SYSTEMPATH\View\View.php(226): include('C:\\Program Files\\Ampps\\www\\new-quality-patrol\\app\\Views\\users\\temuan_patrol.php')
 2 SYSTEMPATH\View\View.php(229): CodeIgniter\View\View->CodeIgniter\View\{closure}()
 3 SYSTEMPATH\Common.php(1167): CodeIgniter\View\View->render('users/temuan_patrol', [], true)
 4 APPPATH\Controllers\Temuan_patrol.php(45): view('users/temuan_patrol', [...])
 5 SYSTEMPATH\CodeIgniter.php(933): App\Controllers\Temuan_patrol->index()
 6 SYSTEMPATH\CodeIgniter.php(507): CodeIgniter\CodeIgniter->runController(Object(App\Controllers\Temuan_patrol))
 7 SYSTEMPATH\CodeIgniter.php(354): CodeIgniter\CodeIgniter->handleRequest(null, Object(Config\Cache), false)
 8 SYSTEMPATH\Boot.php(363): CodeIgniter\CodeIgniter->run()
 9 SYSTEMPATH\Boot.php(68): CodeIgniter\Boot::runCodeIgniter(Object(CodeIgniter\CodeIgniter))
10 FCPATH\index.php(59): CodeIgniter\Boot::bootWeb(Object(Config\Paths))
11 SYSTEMPATH\rewrite.php(44): require_once('C:\\Program Files\\Ampps\\www\\new-quality-patrol\\public\\index.php')
DEBUG - 2026-01-12 10:11:57 --> Session: Class initialized using 'CodeIgniter\Session\Handlers\FileHandler' driver.
DEBUG - 2026-01-12 10:12:33 --> Session: Class initialized using 'CodeIgniter\Session\Handlers\FileHandler' driver.
